store_name,mart_cate,tel,address,link,service,theme_view,theme_work,theme_size,with,signature,menu,avg_price,rating,visitors_number,reviews
오우드 성수1호점,"카페,디저트",070-8844-0196,서울특별시 성동구 연무장길 101-1,https://m.place.naver.com/place/1833313793?entry=ple,,뷰,,대형,,소금빵,"소금빵, Pastry Bun, Cream Chocolate, Peanut Cream Latte",10500,4.34,391,"1. 매장이 넓어요. 사진 보시면 아시겠지만 매장이 정말
넓습니다. 테이블 간 간격도 적절해서 지인들과 같이
방문면 좋을거 같아요. 특히 아늑함보다 개방감을 좋아
하는 분이라면 너무 좋아할거 같아요. 2. 통유리 벽면이
통유리로 되어 있어요. 눈이 피곤할 때마다 밖을 보면
왠지 모를 개운함이 느껴지더라고여. 봄이랑 가을에는
하늘이 맑고 날씨도 선선하니 통유리로 하늘 보는 맛이
있을거 같아요. 3. 베이커리 종류가 다양해요. 소금빵,
케이크, 번, 크로와상, 쿠리 등등 베이커리 종류가 굉장
히 다양해요. 요즘 긴축 재정에 다이어트 중이라 빵을
먹지는 못했지만, 빵 좋아하는 분들에게 좋은 커피 코
스가 될거 같아요.; 공간이 넓고 참좋아요 통유리로 햇살도 잘들어오고 천
장도 높아서 개방감이있어요 빵종류 여러개있었는데
바로 식사하러 갈거라서 소금빵만 맛봤는데 버터 어마
어마하네요 ㅎㅎ 커피도 맛있었어요! 성수엔 도장깨듯
한번가면 안가는 카페 많은데 여긴 공간이 너무좋아서
친구들과 다시 가보고싶어요; 카페가 통유리창에 층고가 높아서 채광이 좋고 밝아서
사진이 엄청 잘 나오네여. 완전 사진맛집 !! 소금빵이랑
커피가 기대 이상으로 맛있어서 깜놀~ 날 따뜻할때 야
외 테라스 자리에 앉으면 좋을거 같아요!; 빵지순례할때마다 들리는 오우드 소금빵이랑 크림브
륄레번은 무조건 먹어야 해요 > _< 인테리어도 멋지고
캐릭터도 은근 귀여움크크; 소금빵이 맛있네요 !!;"
퍼먼트,베이커리,010-3911-0072,"서울특별시 성동구 서울숲2길 37 1층 , 지하",https://m.place.naver.com/place/1694234920?entry=ple,,,,,애견동반,,"퀸아망, 말차더블샷, 퍼먼트크림라떼, 딸기라떼",10400,4.59,895,"서울숲 카페거리에서 항상 사람이 많은 카페. 주말이나 평일이나 늘 좌석이 부족하지요. 따뜻해지면 1층은 폴딩 도어를 열어 테라스가 됩니다.

오늘은 평일이지만 운 좋게 자리가 많아서 들어가게 되었어요. 
내부는 1층과 지하층 모두 2~4인 테이블이 십여개 있어요. 지하 1층은 노키즈 존. 
한 쪽에는 빵을 데워 먹을 수 있는 오븐도 있으니 필요하면 이용하세요.

퀸아망, 크로와상, 바게트, 데니쉬 등 빵 종류가 많은데요, 어떤 빵을 선택하시든지 만족하실겁니다.

에그베이컨. 페이스츄리 위에 약간 반숙된 달걀과 베이컨이 올라가 있어요. 바삭한  빵과 잘 어울리네요. 저는 이 메뉴 강추~

퀸아망. 캐러멜라이즈드 되어 겉은 딱딱하지만 속은 촉촉합니다.

밀크티. 날이 쌀쌀해서 주문했는데 따뜻하게 잘 마셨어요.;
뭣모르고 갔는데 11:59분ㅋ
오픈 1분전이라 1분 기다림ㅎㅎ
이집 무화과크림치즈바게트가 맛있어서
재방문함!
가격은 비싸지만 맛이 좋으니까ㅎ;
성수동에 오면 빨리 가봐야하는 빵 맛집! 특히 무화과브레드는 가성비와 맛이 일품! 다른 모든 빵들이 오후만 되어도 솔닷이라 구입하려면 운도 따라야하는 ㅎㅎ 하지만 어떤 빵을 사도 실패없는 맛 💕 ;
멍멍이들도 좋아하는 서울숲 베이커리 카페 퍼먼트. 지하층까지 넓은 공간이 마련된 큰 규모의 카페에요 전반적으로 빵 맛이 참 좋아 햇살 받으며 기분 내고 싶은 점심시간에 자주 방문하게 되는 곳이랍니다 사진 속엔 없지만 무화과 바게트 왕추천이에요 ;
퍼먼트 베이커리  성수.

퀸아망과 바게트 시나몬롤 크로와상 맛집이죠.
저는 소금크로와상과 아몬드뺑오 시켰어요.
🥐🥖아몬드뺑오에는 초콜렛이 들어가 있고 크로와상 빵에  슈가파우더까지 얹여져 있어서   부드럽고도 바삭한 맛 맛이였어요.
🥐소금 크로와상은 소금빵과 크로와상을 결합해서 오묘하니 맛있네요.

빵맛집 인정합니다.;
무화과크림치즈 바게트 존맛!!! 바게트 맛집이었두나..빵도 맛있고 크림치즈 징짜 많이 들어가요ㅋㅋㅋ 토마토바질프레첼은 기대보다 못미쳤어요 빵이 살짝 눅눅해서 그런지 아쉬워요ㅠ;
애플파이 바삭바삭 아삭달달 맛있음😋
크림퀸아망, 시나몬롤도 무난하게 괜찮았고 바질토마토는 진짜 자극적임ㅋㅋㅋㅋ 맛이 진짜 강함;
매번 테이크아웃으로 빵만 먹었는데 처음으로 블루베리 시나몬롤과 아메리카노를 먹어봤어요.
커피도 맛있고 시나몬롤도 좋았어요! 속까지 블루베리가 들어있어 토핑만 있는게 아니라 전체가 달달한 블루베리 맛이라 좋았어요. 계피맛도 잘 느껴져서 좋았어요!;
성수동 산책하다가 우연히 들린 퍼멘트. 빵이 죤맛인 곳이었다!!!!! 어쩐지 손님이 바글바글 하더라고요,, 🥹 무화과크림치즈바게트 꼭 사시길 바랍니다 ;
12시 오픈시간 맞춰가니 빵도 신선하고
강아지 동반도 되서 서울숲 산책하고 
커피와 빵먹으며 쉬었다 가기 좋네요
손님이 많아서 좀 정신 없지만 
그래도 빵이랑 크림라떼 맛있어서
괜찮았네요
재방문의사 100%;"
서울앵무새,"카페,디저트",0507-1393-2042,서울특별시 성동구 서울숲9길 3 B1~2F,https://m.place.naver.com/place/1240372795?entry=ple,,뷰,,대형,애견동반,브런치,"딸기밀크크림범벅퀸아망, 서울브런치세트, 앵무새브런치세트, 시나몬롤 1개선택 + 아메라카노 2잔",14500,4.49,3092,"평일 점심시간에 갔더니 대기 없이 바로 입장했어요.
생각보다 매장이 많이 크진 않더라구요.
이것저것 많이 검색해 봤지만 역시나 메뉴 고르는건 넘 어려웠어요. 후기 참고해서 골라봤는데 먹어본 것중에 바질어니언시나몬롤이 젤 맛있었네요. 시나몬롤 사이사이 바질크림이 들어있고 어린잎과 크림치즈랑 같이 먹으면 넘 맛있더라구요. 식사대용으로도 괜찮을것 같아요.
딸기범벅도 역시나 넘 맛있었어요. 포장해 왔는데도 퀸아망이 바삭하니 맛있더라구요.
커피아망슈는 퀸아망 안에 크림이 든 상상했던 그런 평범한 맛이라 그냥 그랬구요. 로투스시나몬롤은 시나몬롤 빵부분은 그런대로 나쁘지 않았는데 바닥에 딱딱하게 소보루처럼 굳은 부분이 넘나 달아서 깜놀했어요..ㅎ
호불호 있는 곳이긴 하지한 한번쯤은 가볼만한 곳인것 같아요.;
지나가다가 줄 없어서 바로 들어가봤어요 ㅎ
매번 가보고 싶었는데
달달구리 땡기는 빵 먹고싶을때 가면 좋을 것 같아요 
기대안했는데 의외로 커피가 맛있네요
위에 먹고가는 곳도 여유로워서 먹고가기 좋아요;
아주 유명한 카페를 평일에 오니 웨이팅 없이 들어가네요. 1층은 베이커리 주문이 가능하고 지하 1층은 커피 픽업 하는 곳이 있습니다. 2층에 테이블들이 있는 공간인데 인테리어가 너무 힙하네요! 정말 재미있는 곳이라 생각되요. 베이커리들도 꽤 맛있어요;
내돈내산 솔찍후기
워낙유명해서 성수간길에 들렸어요 5시반정도에 도착하니 시나몬롤류는 거의 다빠지고 3가지종류뿐이었어요 퀸아망은 아주 많았습니다 퀸아망은 별로다는 후기를 너무 많이 봐서 시나몬롤을 구입해서 먹었는데 재구매는 없을거 같네요 저는 빵안도 크림이 가득할거라고 생각했는데 그냥 위에있는 크림이 다인ㅎㅎ 빵은 식빵같은데 크림이 없어 퍽퍽해서 먹다가버렸어요 인스타에 자주 떠서 궁금해서 먹었는데비주얼은 진짜 예쁘네요 사진 찍기용으론 너무 좋아요;
서울 올 때마다 생각나서 또 옴!
디저트가 다른 카페에 비해 독특한 종류들이 많아서 인상이 깊고 무엇보다 맛이 진짜 맛있음…

디저트 종류이름이 생각 안 나지만 딸기생크림이랑마롱밤빵 먹었는데 딸기생크림은 페스츄리가 바삭하니 식감 좋고 생크림이 여전히 안 느끼하고 신선함!

마롱밤빵은 퐁신한 시트에 달달한 밤과 크림(?)이 들어가 있어서 먹는 내내 정말 입이 즐거웠음. 보기와 다르게 맛이 심심하지 않고 달달하니 맛있어서 나중에 또 먹고 싶은 생각이 들음.

평일 저녁에 갔더니 디저트 종류가 많이 사라졌지만,, 그래도 대기없이 바로 입장에서 편하긴 했음!!

음료는 밀크티랑 초코라떼(?)시켰는데 휘핑대신 아이스크림이 올라가고 밀크티의 경우 슴슴한 밀크티라 은은한 맛 좋아하면 추천!;
전에 방문했을때 맘모스 브레드를 너무 맛있게 먹었어서 포장하러 들렀는데 금욜 4시쯤에 방문하니 맘모스는 전부 품절이었어요😢😭 아쉬운 마음에 직원분 추천 메뉴인 로투스 시나몬롤 먹어봤는데 제 입에는 그냥 그랬슴당 맘모스 먹으러 또 갈게여;
버터밀크시나몬롤 .. 🧈 비쥬얼에 이끌려 방문하게되었습니다😀
대기는 넘 길어요 ㅠ 하지만 기다리는동안 따뜻한 차를 나눠주시는데 !! 감동했어요 ㅠㅎ
솔직하게 디저트는 밀크크림과 버터의 합이 좋았지만 빵 자체는 평범한 식빵이였어요!!
한번 와본걸루 만족하려구요!;
웨이팅 길지 않았고
금방 샀어요.
전체적으로 좁은건물에 3개층 나눠져 있었네요.
딸기밀크시나몬롤,마롱크럼블롤 둘다 빵 안쪽에 내용물이 튼실하고 잘선택했다고 생각듭니다.
퀸아망 종류는 그냥 쏘쏘;
분위기 특이하고 디저트 맛있음. 15분쯤 기다려서 들어갔는데 나와보니 줄이 엄청 길었음. 커피는 기대 안 했는데 커피가 맛있어서 놀랐음.;
앵무새의 비비드한 컬러로 인테리어된 카페입니다. 귀여운 주황앵무새 캐릭터가 메인으로 구성된 포토존이 예뻐요. 스트로베리퀸아망이랑 식빵, 밀크티, 서울라떼, 앵무새스무디 시켰구요. 앵무새스무디는 예쁘기만 하고 색소맛(사진용).. 나머지는 다 맛있었어요. 직원분이 매우 친절합니다. 제가 실수해서 스무디 쏟았는데 늦게 와서 죄송하다며 다 닦아주셨어요. (파워친절ㅠㅠ) 비비드한 컬러로 사진찍기도 좋고 디저트도 맛있는 좋은 카페입니다. 추천합니다.;"
성수동대림창고갤러리,"카페,디저트",0507-1390-9669,서울특별시 성동구 성수이로 78,https://m.place.naver.com/place/37910590?entry=ple,,뷰,,대형,,커피,"게이샤 시그니처, 대림창고 딸기우유, Draft & Craft Beer, 아메리카노",6000,4.37,1775,"재방문도 역시나 만족!!

성수에 늦게까지 마실 수 있는 가게가 별로 없는데 새벽까지 영업하셔서 늦게 와서 먹기 너무 좋았어요!

쉐프님도 너무 친절하셔서 서비스도 하나씩 챙겨주시고 하셔서 감동이네요 저번에 왔다간거 기억하고 계셔서

술 종류도 다양해서 칵테일도 시즌별로 특색있게 나오고 전통주도 한번씩 맛보라고 주시는데 담에는 와서 전통주 마셔봐야겠어여

만약 성수에서 한식 다이닝바 찾으신다면 추천드려요
노래 선곡 센스도 너무 좋고 분위기 깡패 👍;
외관부터 가보고싶게 만드는 곳🤩 내부 인테리어가 넘 예뻐요!! 카페가 넓은 만큼 사람들도 많았어요! 타카페 가려다가 만석이어서 여기로 왔는데 다행히 앉을 자리는 있었어요! 디저트 종류도 많아 딸기나 초코 좋아하시면 드셔보는 것도 좋을 거 같아요🫶 다만 사람이 많아서 인지 음료는 10-15분 뒤에 받았습니다. 사진에는 없지만 아인슈페너 맛있어요! 성수동에 또 가게 된다면 대림창고카페 재방문할 의사 있습니다🩷;
지나가다 힙해 보여서 들어갔는데 인테리어도 멋지고 독특한 한식 안주 메뉴들도 있어서 좋았어요! 강된장 볶음면 시켰었는데 밥도 같이 주셔서 맛있게 잘 먹었고 청포도사이다(?) 같은 와인도 상큼하고 좋았어요~ 생일이었는데 사장님이랑 직원분들 너무 친절하시고 떡갈비에 한과까지 주셔서 너무 맛있게 잘 먹었습니당 ㅎㅎ;
첫 성수동 나들이 나왔다가 무심히 옛날 창고건물이 보여서.. 이 곳은 뭐 하는 곳인가… 하고 들어와 봤네요~
엄청난 규모의 디저트 카페였는줄 몰랐네요~
높은 층고와 넓은 매장이 인상적이고 
걸려있는 그림들을 비롯한 내부 인테리어와 음악이 힙합니다~
커피맛도 괜찮아요~😉;
공장개조카페 대림창고 방문했습니다. 갤러리 전시와 불멍을 할수 있어요. 음료와 빵 모두 맛있었습니다. 아쉬운점은 가격이 좀 사악하는 점. 그래도 한번은 갈만한 곳 같습니다. 맛있고 분위기가 좋았거든요. 로스팅도 직접하는 것 같았어요. 담에 커피마시러 또 방문 할 예정입니다.;
월욜오후에 들른 대림창고 멋진 인테리어와 흘러나오는 음악이 전혀 시끄럽지않은 넓은 매장 그리고 맛난빵들 여기가 핫한건 다 이유가 있는거지;
가격은 비싼편이고 커피맛이 크게 다른건 모르겠지만 색다른 인테리어와 공간이 넓어서 좋았습니다~
2층자리 좁지만 조용해서 대화나누기 괜찮았어요ㅎ;
기회 되면 가보고 싶은 장소였는데, 마침 성수동에 파트타임이 잡히면서 쉽게 들를 수 있는 가게가 되었다. 퇴근 후 도보 10초면 도달 가능한 것이 마치 몇 년 동안 위시리스트에 저장만 해두고 가지 않았던 나를 보상시켜주는 것 같았다.

단순 식품만 파는 공간이 아닌, 시청각적 체험을 모두 요구하는 갤러리를 추구한다. 실제로 이러한 카페가 예전과 달리 많이 보이니 그리 낯선 광경은 아니며, 이 카페 또한 여러 전시회가 자주 개최된다. 각종 인터넷 뉴스에서도 이 카페가 추구하는 방향을 잘 알 수 있다. 식품은 하나의 티켓과도 같은 느낌을 줘서 비싼 느낌은 안 들었다. 모임이나 친구 만나기 아주 좋은 곳. 외국인 친구와 만나기에도 더없이 좋다. ;
< Upcoming Christmas is Monday 전시중인 대림창고>
  
새로운 전시정보를 보고 방문했어요 
 
 공영주차장 주차하고 15분쯤 걸어갔는데 날씨가 엄청 추워서 맛있고 뜨거운 커피가 엄청 고팠고 블루베리 페스츄리랑 아메리카노 주문해서 맛있게 먹었어요  6시에 아침을 먹어서 좀더 먹고 싶었지만.ㅠㅡㅠ  빵 맛있지만 채소들어가는 빵을 선호하는 터라 선택의 폭이 좁네요🤣 
 
팝아트느낌의 재미있는 작품들이 전시중이예요
펭수,앵그리버드 등 우리가 공감했던 캐릭터들을 작품속에서 볼수 있어요😙
  
  주문줄 앞에 외국인이 있어서 제차례까지 시간이 좀 걸려서,  오늘 처음 봤는데 쇼케이스뒤에 쌓여있는 원두봉지가 인기카페의 위엄을 증명하는듯해요😋
  좌석도 편하고 분위기도 좋고 음악도 넘 좋은 카페🤗;
커피는 언제나 맛있는 곳 인정합니다 😍👍
공간도 넓고 군데 군데 녹색 식물과 불멍도 가능해요
커피 마시고 나서 맥주로 입가심☺️
대림창고 분위기….언제나처럼 성수 성수합니다;"
자연도소금빵in 성수,베이커리,02-463-2245,서울특별시 성동구 연무장길 56-1 1층,https://m.place.naver.com/place/1022429915?entry=ple,포장,,,,,소금빵,자연도 소금빵,12000,,1019,"유명하다고해서 대기했다가 먹어봤어요. 이제껏 먹은
소금빵들중에 꽤 짭짤하고 기름지긴한데 맛 괜찮아요.
평일인데 성수에 사람 어마어마해서 깜놀.; 성수동 카페거리를 거닐다 보면 자연스럽게 만나게 되
는 소금빵 전문점입니다. 줄이 길게 늘어져 있기 때문
에 금방 눈에 뛰니다. 주문은 오른쪽 키오스크에서 하
고 왼쪽에서 줄을 서다 보면 금방 차례가 돌아옵니다.
계속 빵을 만들어 포장을 하기 때문에 긴줄에 비해 빨
리 받을 수 있었어요. 빵봉투를 받으면 대부분 인증사
진을 찍습니다. 봉투에 4개의 소금빵이 들어있는데 다
른집 소금빵과 다른 점은 버터향이 진하고 하루가 지나
서 먹었는데도 바삭함이 그대로였어요. 한끗차이가 있
는 맛이었습니다. 가격도 착해요. 저희 동네 소금빵보
다 저렴했어요.; 핫플이라는 이야기를 듣고 다녀왔습니다. 하얀색 모자
를 쓰신 분들이 차분하게 소금빵을 주십니다. 키오스크
로 주문을 한 뒤 반대편으로 줄을 서서 빵을 받는 매장
인데. 웨이팅이 빨라 좋은 것 같아요. 소금빵이 짜지 않
고 참 맛있어요. 아이들도 좋아하고 선물용으로도 참
좋은 것 같아요. 인테리어 자체가 웨이팅 용이라 깔끔
하고 보기에도 좋고 잘 찾을 수 있는 곳에 더할 나이 없
는 것 같아요. 강추입니다 강추; 시간만 잘 맞으면 금방 살 수 있어요. 일단 키오스크로
가서 주문하고 교환권갖고 시간에 맞춰서 교환권들고
사면되요 갓 나온 빵이라 따뜻해요 버터향이 크고 소금
맛은 쓰지않아요. 바삭하고 부드럽습니다. 막 최고다
여기가 가장 맛있다보다는 소금빵잘하는곳이다 라는
느낌이에요; 진짜 완전 맛있음. 진짜 소금빵. 딱 1종류만 판매하고
있고 4개 1세트로 12,000원. 다른 말 필요없고 그냥 꼭
먹어야 함. 좋은 재료로 제대로 만들었다는 것은 한 입
딱 먹어보면 알게됨. 1세트만 사 온 것을 순간 후회함 ...
계산줄과 빵을 받는 줄이 별도로 있음. 포장만 가능함.;"
밀스,베이커리,0507-1327-4677,"서울특별시 성동구 뚝섬로4길 21 1층, 2층",https://m.place.naver.com/place/1250194088?entry=ple,,뷰,,,애견동반,핫도그,"치즈버거번, 데브라지너 소시지번, 브락워스트 소시지번, 나폴리탄번",10000,,28,"성수동 잘 안오는데 여기 너무 궁금해서 찾아왔어요! 수제 소세지가 맛있으니 소세지번은 꼭꼭 주문해서 드세요💗💗 산미있는 커피로 주문했는데 깔끔하고 좋았어요. 사워도우도 맛있고 대파스프도 꼭꼭 추천드립니다;
여러가지로 만족스러워서 벌써 세번째방문인데 이제야 영수증을 챙겨서 리뷰남기네요 ㅎㅎ

직접 만드는 소세지가 들어간 메뉴들 진짜 너무 맛있어요! 소세지스튜에 함께 나오는 빵도 스튜랑 너무 잘 어울리구요!

맛있는 메뉴들이 가득한데
반려견동반가능에 프랜들리해서 아이랑 함께갈 수 있다는게 자꾸만 방문하게 되는 또하나의 매력이예요!!
(아이도 밀스 가는 걸 아는지 가까워지면 먼저 가려고 할 정도예요 ㅎㅎ);
시나몬롤은 퀸아망 같이 크루아상 생지로 만들었고 계피+흑설탕 맛이 강해서 좋았아요!
미트파이는 라구소스 같고 달달해서 맛있었어요!! 페스추리로 만들어져 버터버터해서 좋았엉ㅅ
아메리카노도 마시기 좋았어요. 후식으로 온거라 식사는 못했는데 다음에는 브런치 먹으러 와야겠어요..
화장실도 따뜻해서 이용하기 편했어요;
두번째 방문입니다! 커피 두 종류 다 마셔봤는데 둘 다 맛있더라고요! 여기 브레드 메뉴들이랑 아주 합이 좋아요. 간단하게 아점이나 점저로 먹기 좋은 메뉴들도 있어서 더 좋은 것 같습니다. 

사워 도우(?)가 엄청 꼬소하니 맛있던데 그 빵으로 만든것으로 추정되는 리코타 치즈 토스트 맛있고요, 저번 방문때 먹었던 나폴리탄이랑 시나몬 롤도 맛있었어요. 특히 산미있는 커피는 평소에 즐겨 마시지 않는데 사장님 추천으로 따아로 마셔봤는데 너무 맛있었어요🤍 분위기 좋고, 커피랑 빵이 맛있는 카페입니다. 근데 요즘.. 이쪽 골목이 좀 힙하네요 바로 옆집도 그렇고 근처에 넛츠비어, 강진 등등 제 머리가 기억하는 카페가 되어버렸어요. 갬성에 맛까지 하.. 이러다가 웨이팅 많아져서 저 못가면 어떡하죠? ;
다 맛있어요. 모히토 라떼 상큼하구요. ;
빵부터 소세지까지 모두 다 직접 만드는 제대로 된 베이커리카페👍🏻
사워도우 진짜 미쳤어요.. 그 사워도우에 직접 만든 햄이랑 버터+꿀 조합은 더 미쳤어요
까다로운 엄마도 조용히 음식 순삭하게 만든 *˚｡⋆ෆᴹᴵᶜᴴᴵᴺෆ⋆｡˚* 맛…
커피도 맛있고, 애견동반도 되고, 직원들도 다 친절하고 완벽해요!;
성수동 구길쪽에 위치한 브런치 카페입니다.
앞에 소시지를 직접 구워주셔서 소시지번을 메인으로 먹어 보았는데, 소시지는 확실히 맛있네요! 그 외 여러 베이커리도 확실히 평균 이상으로 맛있어서 다음에도 방문해보고 싶네요.
음료도 시그니쳐한 음료 주문해 보았는데, 민트랑 달달한맛 좋아하신다면 민트모히또커피 추천드려요! 이곳에서만 맛볼 수 있는 색다른 맛입니다.
매장도 안에 또 다른 자리가 있어 단체로 가기에도 추천드려요!;
평일 오후 3시 1층 만석.
2층은 좀 동떨어져있는 느낌이지만 자리 여유 있음.
샤퀴테리, 빵, 커피 다 큰 특징은 없어서 딱히 매력도 싫을 것도 없는 느낌. 무난함.;
첫방문했는데 너무 좋았어서 리뷰남겨요 ㅠㅠㅠㅠㅠ
드뎌 인생카페를 찾았습니다. ㅠㅠㅠ😢

가보신 분들은 아시겠지만 매장에 들어간 순간부터 장작향을 맡게 되는데 그게 너무 좋았구

베이커리와 커피를 진심으로 정성껏 만들어주고 계신게 느껴졌었어요.
메뉴고르기 어려워했는데 직원분께서 먼저 추천도와주신다고 해주시고 너무 친절했어요!!

포근한 분위기와 분위기에 스며들수 있게 노래도 좋고 향도 좋구 정성담긴 디저트까지 함께하니 더할 나위 없이 행복한 여유를 보냈습니다.ㅠㅠㅠㅠ

번창하세요!!😄;
빵, 커피 다 넘 맛있고 분위기 좋아요
민트 모히토 커피, 리코타 치즈 토스트 강추!;"
성수 베이킹 스튜디오,베이커리,0507-1383-0791,서울특별시 성동구 서울숲2길 46 B1층,https://m.place.naver.com/place/1523663774?entry=ple,,,,,,소금빵,"소금빵, 퀸아망, 프랑스바게트, 아메리카노",5700,,2222,"여기 맛있네요ㅎㅎ 소금빵은 겉바속촉 완벽! 독일 프레
첼도 짭짤퍽퍽 완전 제 취향입니다 소금빵보다 프
레첼이 더 맛있는 듯. 이런 프레첼을 저는 원했다구요.
다른 빵도 사러 퇴근길에 다시 가봐야겠어요. 맛있는
빵 먹을 생각에 기분이 좋아지네요아ㅎ; 독일 브레첼, 퀸아망, 프랑스전통바게트, 크루아상, 소
금빵, 치즈올리브치아바타 구매 정말 맛있는 겉바속쫄
소금빵이 바로 이거구나 ..?!? 싶었음♥ 오랜만에 맛있
는 소금빵 먹어서 신났네□□□ 치즈,올리브맛 진한 쫄
깃 치아바타도 넘 맛있고 쫙쫙 달라붙는 쫀쫀달달 퀸아
망도□□ 재방문의사 123%; 소금빵(₩2,7), 예전 소금빵 막 나오기 시작하던 시기의
맛. 요즘 유명한 소금빵은 버터가 과할 정도로 많은 경
우도 있는데 여긴 담백한 빵맛에 적당한 버터향. 정석
(?)적인 맛이라 오히려 새로움. 빠리지앵 바게트(₩2,
3), 겉은 바삭, 속은 폭신. 이것도 담백함. 클로티드 크
림, 올리브 발사믹, 슬라이스 치즈 뭐든 잘어울림. 대파
크림치즈 베이글(₩5,3), 이건 맛이 없을 수가 없는 조
합. 좀 비싼 감이 있지만 맛있다. 크림치즈 넉넉해서 다
른 빵에 발라 먹어도 됨. 테이크아웃 전문. 실내 협소.
외부에 테이블 2개 있으나 거의 사용 못한다 보면 됨.
다음엔 달달한 빵도 구매해볼 예정.; 근처에 라면먹으러 갔다가 한번 가봤는데 와 .. 소금빵
넘 맛나요. 뭔가 약간 겉이 질깃한 느낌인데 그게 너무
좋아요. 전 부드러운 소금빵보다 여기 소금빵이 취향이
더라구요. 바게트도 정말 맛있었어요. 갓 나왔는지 뜨
끈뜨끈했고 커팅 안한채로 받았는데 길에서 한입 먹어
보고는 맛나서 계속뜯어먹었네요ㅎㅎ 대파 크림치즈
빵은 생각보단 평범했어요.; 치아바타, 소금빵 맛집. 금방 구워 따끈한 빵 뜯어먹는
맛이란 ...."
텅 성수 스페이스,"카페,디저트",0507-1404-1119,서울특별시 성동구 성수이로 82 2층,https://m.place.naver.com/place/1092567422?entry=ple,,뷰,,대형,,케이크,"텅 케이크, 이모지 케이크, 솔트레 브레드, 텅 아메리카노",21000,4.35,1140,"성수동카페거리 데이트즐기기
힙한분위기에 핫플중에 핫플
복합문화공간 텅성수스페이스 방문했어여
이색적인 디저트 음료 사진포인트 대박인곳
성수동오면 자주 방문할듯요 인생샷찍기성공
데이트코스로 강추합니다 번창하세요;
장점: 몽환적인 분위기와 노래가 매력적이었어요.
좌석도 편했고 넓어서 주말임에도 편히 있을 수 있었어요.
음료도 맛있고 디저트도 맛있어요.

단점: 너무 비싸요. 작은 조각 케잌 하나에 13000-15000원이에요.
그리고 직원분들이 좀 불친절하세요. 메뉴에 대해 질문했는데 대답없이 패드 버튼만 눌러주셨어요. 좀 더 친절하시면 좋을 것 같아요.

그래도 이색적인 분위기라 좋았습니다.;
인테리어가 예쁜 카페.
좌석이 많고 간격이 여유로워서
모임하기도 좋을듯 
셀프 거울샷이 유명한 곳이네요! 
사진 잘 나옵니다~~
피넛라떼가 특히 맛있었어요^^;
텅 플래닛 성수.

조명과 가구 컵들이 범상치않아요.
조용하고 케이크도 다 특이해요.
음료도 망고카모마일 7000
말차라떼 7500

음료도 맛있고 분위기맛집.;
평일이라 다행히 사람많지않아서 좋아요!
케잌 생각보다 맛있어요!!!!
먹다보면 달달하긴한데 아메리카노랑 조합굿이에요~
초코도 적당히 달고 말차도 진한데 중간에 쫄깃한 떡, 말랑할줄 알았는데 뭔가 꾸덕해서 쌉싸름한 말차 달달한 초코 생크림 조화가 좋아요~~!
인테리어도 독특한데 의자들 앉기 편해서 머물기 좋네요~!;
스페이스성수라는 이름에 걸맞게 아주 차분한 분위기. 우주에 떠있는듯한 느낌을 주는 비지엠이 계속 나온다.
커피값은 사악... 7천원대까지 잇고 
케이크값은 개....사악
이뿐 카페라 데이트 하긴 좋음!;
유명한 텅스페이스도 처음 왔는데요! 평일 점심시간에는 사람이 좀 적은 편인 거 같아요- 그래서 좋아요! 저는 블렌디드 쪽 먹었는데 맛있더라구요...!! 디저트 케익은 조금 아쉬웠지만 음료는 너무 맛있었습니다 : );
큰 케이크 매번 반도 못먹고 버리니 항상 미니케이크로 찾는데 딱이었어요! 카페 분위기도 좋고 맘에 들었어요.;
 < 컬러풀, 뷰티풀, 원더풀,유스풀,스킬풀 텅 성수 스페이스 >
 
 색다른 곳을 가고 싶어 성수동 고고🫠 어디가볼까 검색하다가 '텅' 이름보고 찾아갔어요😆
   
아더에러2층(건물왼쪽벽끝),계단 올라가면 영상과 전시된 오브제들이 먼저 보여요  오브제들도 디저트들도 모두 예쁘고 독특했어요 거울들도, 화장실,루프탑도 특이하고 예뻤구요🤩
  
카페가 생각보다 넓었어요 세군데로 나뉜 공간은 조금씩 다른 분위기였는데 모두 예쁘고 다채롭고 소품들도 모두 예쁘고 독특했고요  
 자몽에이드 마셨는데 자몽덩어리 씹으며 정말 맛있게 먹었어요 성수동에 애정하는 카페 하나 추가됐어요😍

 패브릭소파는 앉아있기 엄청 편안했는데 오염된 부분이 좀 아쉬웠어요🙃

<텅 잠실> <텅 신사>도 있지만 안국역 카페 <텅>과는 다른 곳☝️;
아더 스페이스 항상 웨이팅 줄이 길어서 가본 적 없었는데 이번에는 대기자가 별로 없길래 웨이팅 걸고 5분 뒤에 입장했어요! 
매번 밖에서만 보던 곳을 들어오니 감회가 새롭던😆 생각보다는 매장이 넓지 않았고 가볍게 구경하기엔 좋았어요 피팅룸까지 평범하지 않아서 피팅룸인지 몰랐어요ㅜㅜㅋㅋ
구경 후에 텅 스페이스 가서 커피 마셨는데 여기도 인테리어가 장난 아니게 휘황찬란하더라고요 괜히 핫플인게 아니구나 싶었습니다 디저트들도 평범하지 않았는데 못 먹어 본게 아쉽네요 다음에는 꼭 먹어봐야지..
색다른 인테리어 카페 가보고 싶으신 분들께 추천드립니다 들어가 보면 정말 알록달록해요🙌
가실거면 아더 스페이스랑 같이 방문하는 것 추천!;
"
차일디쉬,"카페,디저트",0507-1350-8329,서울특별시 성동구 연무장길 114 2층 차일디쉬,https://m.place.naver.com/place/1217287130?entry=ple,,,,,애견동반,소금빵,"소금빵, 소금빵X붕어빵, 대만식 생망고빙수, 잠봉뵈르 소금빵 샌드위치",7500,,363,"지난해부터인가 피드에서 소소하게 보이던 소금빵붕
어빵 드뎌 먹어봤는데 단짠조합 무슨 일이에요□ 왜 이
제 먹어봤을까요 위에 얹어주시는 고소한 버터 한 조각
이 더해주는 풍미까지 완전 최고 조합 한 조각씩 사
라지는 게 아쉬웠을 정도,, 포크만한 미니소금빵도 너
무 귀엽구 소금빵붕어빵이랑 미니붕어빵 말고도 잠봉
뵈르, 애그마요 등등 종류도 다양해서 고르는 재미도
있었어요! 진짜 소금빵 원없이 먹을 수 있는 곳아ㅎ; 소금빵+팥붕어빵 조합이 신기해용 단짠단짠이여서 중
독성있어요 ~~ 하나만 먹어도 당충전 완료! 자몽티에
과육이많아서 맛있구 요구르트 슬러쉬는 정석 요구르
트맛이라기보다 청포도? 상큼한 맛이 나서 독특했어요; 비오는 금요일에 방문했어요 유명하던 소금빵 붕어빵
너무 맛있었어요 집에 가면 또 생각날듯 !!! 신제품이라
고 해서 쑥 아이스크림도 주문했는데 쑥향 완전 찐해서
깜짝 놀랐어요 ~~ 붕어빵이랑 먹으면 꿀조합 !! 꼭 먹어
보세요 ㅎㅎㅎ 특히 일하시는 분들이 넘 잘생겨서 또
가고 싶네요^_^; 전부터 너무 와보고싶었던 차일디쉬 !!! 소금빵×붕어빵
넘 맛있어요 ~~~~ 잠봉도 쫀맛 .. ❤ 커피도 너무 맛있
고 인테리어도 너무 예뻐서 눈이 너무 즐거웠어요 ~;"
브레디포스트 성수점,"카페,디저트",0507-1442-2058,서울특별시 성동구 상원1길 5 1층,https://m.place.naver.com/place/1020816080?entry=ple,,뷰,,,,프레즐,"플레인 프레즐, 시나몬 프레즐, 베터페퍼 프레즐, 아메리카노",8800,,2111,"주말되면 항상 줄서서 먹어야하고~~ 가끔씩 땡길 때 가면 솔드아웃되어있지만~~~ 그래도 맛있는 프레첼 맛집 😭😭👍🏻 

버터페퍼 프레첼 맛있어요!! 첫 사진 왼쪽에 있는 빵입니다! 플레인 빵을 선호하는 편인데, 애인이 저거에 환장하길래 뺏어먹어봤는데 음~!~! 버터의 고소함이 느글해지는가 싶을 때 페퍼가 딱 잡아주더라고요!! 😵💛

간김에 많이 사서 한번에 드시지 마시고 한두개씩만 드시는 거 추천합니다! 많이 사면 부담되고 먹다가 물려요!! 👀;
성수동 오면 종종 찾게 되는 브레디포스트입니다. 프레첼이 크고 부드러워서 좋고, 다양한 종류라서 올 때마다 다르게 먹어볼수 있어서 더 좋습니다.
에그베이컨이 최애입니다. 소스랑 재료들이 잘 어울립니다. 음료들도 다 맛있는데
커피 뿐만 아니라 애플밀크티 정말 최고입니다. 추천하고 싶은 메뉴입니다.
더티초코 프레첼, 어니언 포테이토 스프도 정말 맛있습니다. 먹는 이야기만 했는데 인테리어도 너무 예뻐서 찍는 사진마다 잘 나오는 브레다포스트 성수입니다. 최고!:);
대기가 많은 곳이다보니 대기시스템이 잘 되어있습니다 예상보다 대기시간이 오래걸리진 않았습니다
매장분위기는 좋았지만 아무래도 사람이 많다보니 어수선한 분위기는 있긴했습니다
부추베이컨 샌드위치는 부드럽고 맛있었습니다 생각보다 부추향과 크림치즈가 잘 어울리고 크림치즈 맛과 아메리카노도 잘 어울렸습니다 다른 메뉴도 다음번에 포장으로 먹어볼까해요ㅎㅎㅎ;
다양한 프레젤을 즐길 수 있어서 좋아요:) 

프레젤 종류가 다양하고 당일에 바로 만들어서 그런지 쫄깃하고 맛있어요~ 특히 부추베이컨 샌드위치가 안에 있는 크림치즈와의 조합이 너무 맛있어요:)
버터페퍼는 개인적으로 크림이 살짝 느끼해서 처음에는 맛있지만 먹다보면 조금 느끼하가는 생각이 들어서 아쉬웠어요ㅠ;
감성 있는 분위기의 프레즐 맛집! 🥨🤎
2층 창가에 앉아서 성수동 거리 구경하면서 프레즐과 커피 한 잔 마시면 이보다 더한 여유가 있을까요.

부추프레즐, 페퍼로니프레즐, 연유후추프레즐 등 어디서도 볼 수 없는 특이한 프레즐 종류들이 많고 대체적으로 다 맛있었어요.

커피도 프레즐과 조화가 좋아서, 개인 카페는 재 방문 할 일 많이 없는데 여긴 다음에 성수 와도 다시 방문하고 싶어요!;
성수 카페 브레디포스트 성수점 재방문🤩 프레즐 맛집 핫플이라 좀만 늦었으면 웨이팅 할 뻔했다,,ㅎㅎ 평일이고 비도 많이 내렸는데도 불구하고 사람들 바글바글 브레디포스트 스프는 첨먹어보는데 막대프레즐 찍어먹는 이유가 있어~
언제나 직원분들이 맛있고 프레즐이 친절한 성수동 카페 브레디포스트🥨;
웨이팅이! 상당합니다🤣🤣
다행히 포장은 대기별로없어서 바로 들어갔습니다!
종류는 그리많지않은데 
토마토랑 부추베이컨 요두개가 맛있습니다🫢🫢
자리에서 먹기싶어도 사람도많고 시끄러울것같아
포장해서 밖에서 먹는게 추천드려요
요즘 날씨도 괜찮아서 딱이네요ㅎㅎ;
성수동에 위치한 브레디포스트예요~
다양한 프레즐에 멋진 유럽 감성이 풍부한 카페였어요~웨이팅 없이 입장한거라 일단 좋았고, 프레즐 플레인 너무 맛있더라구요~프랑스 유기농 밀가루와 버터를 사용한다고 하니 퀄리티 높은 전문점으로 인정할 수 밖에요~
10 여가지의 다양한 프레즐에  눈이 호강했어요ㅎㅎ;
프레즐 진짜 맛도리 ㅠㅠㅠㅠㅠㅠㅠ 특히 아몬드 프레즐 진짜 너무 맛있어요 크림치즈도 맛있어서 플레인 프레즐에 크림치즈 따로 사서 발라먹어두 맛있을 듯 !!!♥️;"
키베이커리,베이커리,0507-1330-9360,서울특별시 성동구 성수일로 11-2,https://m.place.naver.com/place/1193907072?entry=ple,포장,,,,,타르트,"메론빵, 타르트, 치즈타르트, 앙금빵",3500,4.7,415,"빵 향기가 솔솔 
#서울숲#성수#뚝섬#빵빵이#디저트#선물#귀요미#핫플#빵지순례#커피#일본#데이트#맛집

여기 지나가면 빵향기가 솔솔 
드루가면 맛있는 빵들 보면서 기분이가 좋아져요 😍😍

😛추천빵😛

1. 카스테라 :) 

머거본 카스테라 중에서 쵝오 ☺️☺️
약간 계란과자 맛나요.  근뎀 그 촉촉하고 부들부들한것이 
진짜 일품이구료 ☺️☺️ 그리고 카스테라 위 쪽 브라운 부분은 달달하면서 살짝쿵 약 익은 특유의 맛이고 카스테라 안쪽은 고소 달달 촉촉😍😍

02. 소라빵 :) 
소라빵 안에 초코 크림을 쭈욱 넣어줘용 
보는 맛도 있고 먹는 맛도 있구 😌😌🥰🥰
버터 향이 고소하게 나면서 초코크림맛이 나면서 
많이 안 달고 ㅎㅎ 쵝오 😃😃

사장님들과 직원분들도 너무 친절하고 ㅎㅎ 무조건 가보세요.  😉😉;
메론빵, 치즈 타르트로 유명한 성수동의 일본빵집!
앙금빵도 너무 맛있고 카스테라 머핀도 폭신폭신해서 좋았어요. 리프파이도 달달하고 맛있어요!
다음에도 들려서 오사카 치즈케이크 사볼려고요!;
오사카식 카스테라 케이크 식감이 완전 수플레..! 치즈향이 적당히 있으면서 구름 같았어요.
더 꿀맛나며 빵 같은 카스테라를 원한다면 컵케이크 카스테라 추천합니다!
메론빵은 진짜 메로나 향이 나서 호불호가 갈릴것 같아요.
다음엔 소라빵도 먹어보고 싶어요!!;
귀여운 일본식 베이커리! 몇가지 구매해봤는데 다 맛있어요!;
오랜 맛집이죠 ㅋㅋ 메론빵은 여전히 맛있고 가격도 가성비 있습니다. 친근하신 모습도 여전하시네요;
용인 본가가는 길에 포장해갔어요! 엄마아빠가 너무 달지 않고 딱 담백하게 맛있다고 완전 순삭하셨어요! ㅋㅋ 단거 안좋아하시는데도 맛있게 드시네요 ㅎㅎ 키베이커리는 타르트도 맛있지만 치즈케이크가 진짜 찐인거 같아요🩷 사장님도 언제나 친절하게 맞이해주셔서 갈 때마다 기분이 좋습니다! 영원히 번창하세요!🙌;
타르트 포장 주문했는데, 엄청 예뻐요. 거기다 맛있기까지! 괜히 인기있는 집이 아니었어요. 포장주문으로 해서 빠르게 픽업할 수 있었습니다. 앞으로 자주 갈 것 같아요. 😀;
 반질반질 윤이나는 빵과 타르트가 가득 있는 집이었어요. 일본식 빵을 주력으로 하시는 것 같고 가격대가 저렴하진 않지만 그만큼 퀄리티가 기본적으로 다 높은 곳이라 돈이 아깝지 않습니다.

따로 앉을 자리는 없고 테이크아웃만 가능합니다.

🍈메론빵🍞

 수많은 빵중에 눈에 확 띄는 비주얼을 가져 사봤어요. 안에 크림이 들지 않은 전통적인 메론빵입니다.바삭한 빵피에서 메론향이 슬쩍 묻어나 달콤하고 너무 맛있었어요. 반으로 잘라 먹는데 빵 속살이 정말 푹신하고 맛있더라구요. 크림이나 앙꼬같은 큰 기교가 없음에도 기본기가 탄탄한게 정말 맛있습니다!

🍫초코 소라빵🥐

소라빵을 가져가면 그자리에서 초코 크림을 채워주시네요. 크림은 그냥 소라빵 특유의 크림맛이었는데 역시 빵피가 맛있어 다해먹는 맛입니다..굿~;
오전에 나온빵이 맛있어보여요;
여기 진짜 찐이예요.....최근에 먹어본 빵중에 이렇게 맛있는 빵 오랜만이예요
나중에 쉬는 날마다 갈꺼예요
동네에 이런빵집이 있다는게 행복해요;"
치즈인더스트리 성수,"카페,디저트",0507-1303-5815,서울특별시 성동구 성수이로18길 37 1층,https://m.place.naver.com/place/1407454916?entry=ple,,뷰,,대형,,케이크,"카라멜 카스크 치즈 케이크, 수플레 치즈 케이크, 고다 치즈 케이크, 아메리카노",14200,,277,"직접 만드는 치즈로 만든 치즈케이크, 크림치즈로 샌드한 베이글인 치이글로 유명한 성수동 신상카페. 성수에선 처음봤는데 익선동 오며가며 본적있늠 카페라 반가웠음. 가격 착하고 종류도 다양해서 치즈인더스트리 치이글로 정착해야겠다 🥯😋;
치즈좋아하는 짝꿍을 위해 가본 치즈인더스트리~ 성수라 그런지 컨셉이 특이했어요. 옛날 농장같은 컨셉의 카페 인테리어에 치즈를 이용한 파이,케이크,베이글 등 다양한 베이커리, 커피도 있었어요. 고다치즈케이크, 치즈인더스트리?라는 커피(아인슈페너처럼 커피위에 치즈폼?같은게 올라간 음료) 시켰어요. 케이크 생각보다 치즈맛이 강하진 않고 부드러웠어요. 음료도 맛있었네요~;
크림치즈밀크 5,800원
까망베르초콜릿 6,800원
카라멜바스케이크 8,900원
카라멜바스케이크 진짜 디저트 먹고 바로 와 맛있다! 라고한 몇 안되는 케이크.. 비싼만큼 맛있다 다른 바스치즈케이크는 치즈를 흉내내는 가짜다. 여기서 파는게 치.즈. 케이크인 것이다. 주문하면 테이블에서 토치로 표면을 살짝 구워주는데 약간 크림브륄레 느낌도 나면서 치즈가 훨씬 잘 느껴진다. 좌석도 꽤 있고 내외부 인테리어도 특색있어서 좋다;
만족스러운 식사였습니다 : )
치즈만이 아니라 전체적으로 발란스 잡힌맛이예요
후식으로 먹은 브리 치즈케익과 커피의 조합은
👍예요;
카라멜바스크케이크는 테이블에서 캐러멜라이징을 해주시는데 보는 재미가 있고 겉바속촉이 되어 먹는 재미까지 있네요 목장컨셉으로 인테리어가 독특해요 치즈케이크 베
치이글등 종류가 다양해요 선물로도 좋을거 같아요 이쁜박스에 포장해주시더라구요  ~^^;
치즈케잌이 넘 맛있어서 재방문했어요 역시나 보기에도 넘나 이쁜데 맛도 최고 ㅎ 정작 치이글은 이번에도 못먹어봤네요 담번엔 런치세트를 먹어볼까봐요 ㅎ ;
 < 치즈농장 실감나요~ 재미 가득한 dairy cafe💛>
  발밑에는 흙이 밟히고 창문위며 공간 곳곳에는 짚풀이 있고, 정원과 매장중앙에는 얼룩소가 움직여요😃 지루함이라고는 없는 신세계예요😁 익선동 치즈인더스트리의 인테리어 스케일이 성수동에서 확 업그레이드가 되었는데 상상을 현실화해내는 탁월한 능력에 존경심 솟구치네요👍
  gear소도 두배 늘고 테이블도 많고 정원의 물레방아도 조명까지 더해져 뉴아이템 필이예요😛
 올리브치이글 맛있었고 부추카우치이글은 선택하지않을 수없는 비쥬얼😍 라떼랑 아아는 쏘쏘🤔 
 바테이블 의자는 불편ㅠㅠ  2인테이블로 옮겨앉아 2시간 시간가는줄 모르고 있었네요~ 또 가고 싶은 곳🥰
주차불가라 공영주차장 주차하고 10분정도 걸어왔어요
*레인리포트 크루아상과 도보3분 거리네요~^^;
컨셉이 독특해서 꼭 방문해보고싶었어요.
목장 컨셉으로 재미요소와 다양한 트렌디한 제품으로 소비욕구를 자극하는 성수동 카페에요. 성수는 이런 재미가 있어서 좋아요. 치즈풍미 가득한 제품들이 다양해요.;
베이글 안좋아하지만 여긴 맛있어요
커피는 고소하면서 진하고 뒷맛이 부드러워 좋구요
배가 안불렀다면 루꼴라샌드위치 먹었을거 같아요.
메리인더스트리 음료는 크리스마스에 딱 어울리네요
치즈종류가 많아 한개 구입해서 가져왔어요;
치즈케이크 종류가 너무많아요😍😍😍
다 넘 특이하고 맛있어요!! 
글고 카페내부분위기가 농장st인데 독특하네요🧀✨️;"
노아베이커리 성수,베이커리,0507-1406-7590,서울특별시 성동구 연무장5길 19 1층,https://m.place.naver.com/place/1470489200?entry=ple,,뷰,노트북,,,케이크,"아메리카노, 딸기 생크림 케이크, 얼그레이쉬폰케이크, 딸기타르트",4000,,729,"WOW
노아베이커리
성수동에도 있었군하🍞

오후 6시 넘어서
거의 빵들이 없었지만..
그래도
내가 좋아라 하는 소보루 2,700원🌕
프리미엄 크로와상 3,700원🥐
바게트 바질 4,700원🍃

다음엔 일찍 와서 매장에서
얼그레이 케이쿠 먹어야지잉🍰💚;
지하철 타러 가는 길에 우연히 들렀어요. 비가 주룩주룩 오는 날, 통창에 화이트 인테리어가 눈에 띄었습니다. 쇼케이스에 다양한 빵, 케이크, 샐러드 등등 있었는데 가장 먹고 싶었던 베스트 소금빵을 테이크아웃했습니다. 오후에 가니 소금빵이 조금밖에 안 남았더라고요. 바삭한 식감 없이 부드럽고 촉촉한 소금 버터빵이었어요. 재구매 의사 있습니다.;
지하철 타러 가는 길에 우연히 들렀어요. 비가 주룩주룩 오는 날, 통창에 화이트 인테리어가 눈에 띄었습니다. 쇼케이스에 다양한 빵, 케이크, 샐러드 등등 있었는데 가장 먹고 싶었던 베스트 소금빵을 테이크아웃했습니다. 오후에 가니 소금빵이 조금밖에 안 남았더라고요. 바삭한 식감 없이 부드럽고 촉촉한 소금 버터빵이었어요. 재구매 의사 있습니다.;
지중해식 런치를 먹고 약간 허전한듯 하여 바로 앞에 있는 #노아 브러드&카페에 왔어요.유명하다고 얘기는 들었는데 확실히 빵이 맛있고 독특하네요. 자주 올것 같네요^^;
이곳에만 만날 수 있는
구황작물빵이라 너무 좋아요!!! 
건강한 맛의 빵 종류들이 많아서 고르는데
힘들었음 ㅎㅎㅎ 😂😂 

매장 깔끔하고 좌석 많아서
성수에서 약속잡기
좋을 거 같아요 🤍🥰;
항상 넘 좋아하는 곳이에요! 특히 케이크류가 넘 맛나요 ❤️ 성수동에서 강추하는 카페!;
빵 종류가 많고 맛나네요!!😉 
블루베리베이글 이랑 버터베이글 먹는뎅 
베이글 좋아하는 분들이면 방문해볼만 한 것 같습니다.! ;
매장이 예쁘고 빵 종류가 진짜많아요! 근데 커피 가격이 아주 저렴! 자리도 많고 넓네요ㅎㅎㅎ;
빵이랑 디저트 종류도 엄청 많고 진짜 맛있어요! 무엇보다 홀이 넓고 깨끗해서 좋네요:-);
사진이 잘 나와요ㅎㅎㅎㅎ
너무 잘 마시고 잘 쉬고 가요;"
레인리포트 크루아상,"카페,디저트",0507-1373-1322,"서울특별시 성동구 성수이로16길 32 주3 1, 2층",https://m.place.naver.com/place/1343777269?entry=ple,주차,뷰,,대형,,크루아상,"핑크 클라우드, 블라썸 클라우드, 레인드랍 엑스트라 버터, 레인보우 밀크",11700,,542,"리본빵 먹으러 갔는데 마지막 하나 남아있어서 다행이다!! 그때 14시30분정도인데 다시 안나오래요..!!
빵은 생각보다 맛있어요!!!
음료는 사진이랑 넘 달라서 아이스가 있어서 아쉬웠어요 ㅠ ㅋㅋㅋ
자리 분위기는 넘 좋고 왠지 외국인 많았어요;
서울여행중 첫번째 코스~핫한 성수거리구경하기
일욜12시30분에 도착했는데 다행히 주차도 바로하고 
카페내 자리도 널널^^
카이막보단 리본크루아상이 의외로 맛나서 괜찮음
크루아상1+1 포장할랬는데 2개먹고나니 달아서 패스
(1박아니었음 포장했을거임!!)
주차2시간 만원이어서
40분정도 카페있다가 
1시간20분간 성수거리구경하고오니 딱맞음^^
식사할거면 주차비 더내고 맛집가는것도 괜찮을듯요!;
“레인리포트 크로아상“ -성수점

블랙리본오레오 ₩6.500
드립 클라우드 아이스 ₩6.800
드립 레인드롭 핫 ₩7.300

성수에 유명한 카페 왔어요!
배는 안움직여서 아쉬웠지만 인테리어가 예뻤답니다.
1,2층으로 되어있고 1층 좌석이 편했어요.

베이커리 종류가 많아서 고르기 힘들었는데
블랙리본 맛있어요! 크림이 많이 달지 않고 버터 풍미도 좋았어요.

드립커피는 산미가 조금 덜한 레인드롭이 개인적으로 더 취향에 맞았답니다^^;
쌔서미 클라우드, 플레인 크로아상먹었어요. 참깨라떼인 쌔서미 클라우드는, 고소한 참깨의 맛을 아주 잘 느낄수 있었습니다! 초콜렛 맛도 은은하게 올라오더라구요
크로아상은 바삭바삭하고 버터의 풍미도 좋았습니다.
가격은 조금 사악했지만.. 힙한 성수카페이니 이해되었습니다🙂;
오후 5시쯤 갔는데 빵이 많이 없어서 아쉬웠어요
마롱 크러핀이랑 카이막..시켰는데 빵이 진짜 다 너무 맛있었어요!문제는 빵을 담는 접시가 따로 없고 트레이에 담아야되는데,아무래도 페이스트리 종류라 그런지 먹을 땐 상당히 불편하고,크림 같은게 다 떨어지고 묻고 그래서 그런지 매장 테이블들이 그닥 청결하진 않았어요
매장이 넓고 물로 인테리어가 되어있는데
2층 안쪽에 앉았을 때 물 비린내가 중간중간 나서 좀 신경쓰였어요..
커피는 정말 너무 맛있었어요,커피 제조 과정을 기다리면서 봤는데,첨에 어떤 한 직원분이 스팀을 잘못치신건지 아트가 잘못된건지 어쨌든 뭔가 좀 문제가 있는지 그 커피는 바로 처리하고, 다른분이 새로 아주 맛있고 아트까지 넘 예쁜  커피를 내려주셨어요🌹
가격은 좀 비싸지만 담에 재방문 의향있어요!;
관광객 핫플이네요 1층좌석은 금방 차는거 같아요
2층은 좌석도 많고 한적해서 책보기 좋았어요
오늘도 책보러 왔습니다
커피는 핸드드립만 있어서 조금 비싸지만 책보고 노트북 작업할 수 있어어서 가끔 올 것 같아요;
레인리포트..
처음 와보고 친구랑 담소를..
1층에서 시간을 보내고  2층은 답사를 합니다..
공간이 너무 많고 너무 오붓하게 꾸며졌네요...
담에도 다른 친구들과 와야지~~~
물론 커피도 맛있었어요..
 옆에서 식사후 방문이라  빵 을 못먹은게 아쉬워요..
그래서 사진만..
이것도 다음에 꼭~~~~;
빵은 레인보우 크루아상, 뺑오 솔티뵈르(소금맛), 음료는 왼쪽부터 레이니 가든(유자), 클라우디 데이(레몬), 핑크 클라우드(복숭아 주스)로 시켰어용😊
가운데 뷰가 있는 곳은 자리가 인기가 많아용~
음료는 색감이 예쁘네용👍
빵은 잘라보니 무지개 색감이었어욤
영상도 있고 규모있는 카페네요~ 유정수님 카페라고 해서 찾아서 한번 와봤어용;
성수동에 위치한 레인리포트 크루아상~  다녀왔습니다.  영수증에는 호우주의보 크로아상이라고 되어있는데  겨울에는 눈을 그외결절엔 비를 뿌려주나봅니다~^^  저는 눈맞고 왔어요~^^ 정해진 시간에 눈을 마구마구 뿌려줍니다~  성수동에 다양한 컨셉의 카페가 많은데  검색 중 찾은 레인리포트 카페! 2층규모에 좌석도 많고 디저트가 맛이어요~  저는 페퍼클라우드 주문했는데~ 후추맛~^^  호불호 갈릴수도 있지만 저는 괜찮았습니다. 핑크클라우드도 맛있어요~오븐까지 여러개 준비되어 있어서 따듯하게 기호에 맞게 먹을수도 있어요~   빵종류도 다양하고 맛있어요~  신발벗고 앉는 좌식자리도 있고 아주편합니다~ 꼭 가보세요~ 주차는 좀 깨는데 발렛 두시간에 만원입니다~  발렛말고 카페 뒷편 골목에 빈자리 찾아서 하시는게~  ;
뺑오 쇼콜라? 이름이 헷갈리긴한데
이거 꼭 드세요. 저는 이거 먹고 
1+1 테이크아웃행사하길래 4개 쟁여 왔어요🐽

테이크아웃행사 진짜 너무 좋아요 선물하기도 너무너무 최고💌💌

잘먹고갑니당❣️❣️❣️;"
베통 성수 플래그십,"카페,디저트",02-499-1112,서울특별시 성동구 연무장7가길 8 베통 성수,https://m.place.naver.com/place/365858525?entry=ple,,뷰,,,,소금빵,"소금빵, 솔티초코소금빵, 블루베리소금빵, 아메리카노",8900,4.5,1345,"애정하는 소금빵집 중에 하나였던 베통이 매장도 빵도
리뉴얼 된 것 같더라고요 간만에 성수 간김에 갔는데
어떻게 더 맛있어짐 .. 일하시는 분들 사람 많은 데도 일
일이 먹는 방법 다 설명해주시고 친절하게 응대해주심.
진짜 멀지만 않으면 자주 가고 싶은데 하 .. 가격대가 있
지만 값어치는 어느 정도 한다 생각합니다. 배부른데
소금빵 3개를 두명이서 순삭했네요; 와 .... 소금빵 이렇게 맛있는지 처음 알았어요 .... 너무
맛있는거 있죠.×100 소문은 익히 들었는데 이렇게 맛
있을거라고 생각도 못했어요.진짜 휴무였는데 꿀 같
은 기분이 된거 같은 느낌이예요 !! 진짜 다음에 또 갈꺼
예요 성수 소금빵 맛집 인정 !!!!!!; 소금빵집 유명한덴 거의 가봤는데 베통은 첨이에요! 아
근데 뭐지?크 이 집 넘 맛있네요 ~~ 모양만 봤을땐 웬
지 베이글식감일것 같았는데 소금빵 맞네요~ 겉은 바
삭하고 속은 쫄깃한데 다른소금빵집보다 더더더 쫄깃
해서 맛있어요 직원분들이 넘 친절해요 다만,자리를 지
정해주지 않는것과 빵회전율이 너무 느리고(일찍가도
빵이 없어서 쟁반들고 기다려여함)손님수에 비해 직원
들이 너무 적어서 미안하기까지 했어요~(그럼에도 넘
친절) 케치테이블이 있으면 좋을것 같고 빵진열대가 좀
더 여유가 있었음하는 아쉬움이 있네요! 기본이 젤 맛
있는데 담에 다른맛도 먹어보고싶네요! 소금빵 맛집 인
정 !!!; 익스테리어와 인테리어가 멋지고 감각적입니다. 입장
하는 순간 직원분의 친절한 인삿말과 안내에 놀라고 소
금빵 비쥬얼에 놀람. 자리는 2층과 3층에 있고 솔티 초
코 소금빵 1등, 소금빵 2등, 무화과 소금빵 3등 개인적
인 취향입니다 .. ㅎㅎ 커피는 보통요 .. 다음에 또 오고 싶
네요 .. 나올때 보니 밖에서 줄서서 대기하는 사람 많아
서 다시한번 깜놀요.; 성수동 카페는 역시 베통인거같아요 처음 방문했는데
만족이였어요 주말에는 아직도 많은분들이 오픈런을
하기위해 오픈전부터 줄을서고계셨고 굉장히 친절하
게 이것저것 설명해주시는점이 너무 좋았어요 쏘 스윗
♥ 역시나 매장 인테리어는 너무 멋있었고 완벽 그 자
체였어요 소금빵은 종류가 다양해서 고르기 힘들정도
였지만 하나같이 묵직하고 퀄리티가 어마무시했어요 !!
주말에 방문하신다면 빵이 채워지는 시간을 고려해야
하기 때문에 빠른 오픈런을 하시거나 웨이팅을 한다는
조건하에 좀더 여유있게 오셔도 좋을거같아요 정말 제
대로 힐링하고와서 집에서 성수가 먼데도 불구하고 또
가고싶어요 커피도 맛있어요; 또 방문. 마당에 있는 분수가 더 화려하네요. 이번에는
테이크아웃 했어요. 지난번 방문 후기 같이 올립니다~
기본 소금 빵 외에 참깨 소금 빵, 차이브 소금 빵 등등
다양한 소금 빵이 있네요. 1층에는 큰 창문 옆에 바 형
태의 테이블도 있습니다. 2층에 올라오니 넓은 공간이
나옵니다. 흰색 벽과 우드톤의 바닥으로 모던한 분위기
네요. 한 쪽 벽에 선반이 있고 그 위에 다양한 소품이 있
어요. 강아지들 사진도 크게 있네요. 3층은 붉은 벽돌로
또 다른 분위기입니다. 특히 테라스도 있는데요, 4인 테
이블이 2개가 있고 겨울이라 난로도 준비되어 있네요.
날이 따뜻해지면 인기가 많을 것 같습니다. 소금 빵(3,9
00원). 오~ 쫀득하네요. 이렇게 생긴 소금 빵 보셨나요?
멋진 형태의 빵이 맛있기까지 합니다."
옹근달 성수점,"카페,디저트",02-499-5012,서울특별시 성동구 성수이로7길 41-1 옹근달 성수점,https://m.place.naver.com/place/1395030685?entry=ple,주차,,,대형,,커피,"아메리카노, 카페라떼, 밀크티, 쑥라떼",5000,4.35,3205,"성수동 카페거리를 거닐다가 골목안에 있는데도 불구하고 눈에 들어온 특이한 인테리어의 카페였어요.
1, 2층 자리를 잡으려 헤매다가 마침 1층 창가자리가 비어 바로 앉았습니다.
이곳에서 가장 좋은 자리가 아닌가 싶어요.
앞에 물이 있는 정원?이 있어요.
여름에 가면 예쁠 거 같지만 지금은 볼 건 없습니다.😅
커피, 디저트 모두 만족한 맛이었는데 특히 크로아상 너무 맛있어요. 서양배 크로아상 강추입니다.
사진보니 또 먹고 싶네요.
게이샤커피 산미가 좋고 향은 약하다 느꼈어요.
화장실은 2층에 있는데 워낙 많은 사람이 다녀간 후라 깨끗하진 않았어요.;
베이커리도 맛있어보이고 분위기도 좋았으나 !...
좌식 테이블에 빵가루나 방석에 이물이 너무 많아서
앉고 싶었는데 고민 끝에 결국 못 앉았어요 ... 
손님 나가고 난 테이블은 닦거나 한 번 살펴보셔야할 것 같아요 ! ;
정말 다양하고 예쁜 디저트에 놀랐습니다. 다시 찾고  싶은, 소개를 빨리 하고 싶은, 친구랑 가고 싶은 디저트카페였어요. 주차도 가능해서 좋습니다. 
카페 투어 하면서 패스하려다 들어갔는데 맛도 좋았고 모양은 예술~~~커피 맛도 훌륭했어요.;
외관만봐도 꽤 비쌀 것이라는 직감이 들었고, 틀리지 않았군요. 이곳에서 이런 메뉴들을 먹으려면 그 정도의 지불은 각오하고 들어올만했습니다! 저는 사프란몽따쥬를 먹었습니다. 책으로만 읽고 섬유유연제로만 접해본 사프란. 실제로 먹은건 소량의, 어쩌면 향만 먹어본 것일 수 있겠지만 꽤 향긋하네요! 좋은 경험이었습니다. 디저트들은 꽤 영롱합니다. 밥을 먹고 온 상태라 먹지 않았지만 참 맛있어보이는군요. 모든 면에서 힙한 형태를 갖춘 카페로서의 역할을 수행하고 있다는 생각이 듭니다.;
성수동 핫플 옹근달~ 처음가보는데 마감을 하지않은 인테리어와.외부에서 보이는 전면 유리가 내부의 느낌을 
그대로 보여준다. . .  밀푀유와 크로핀이 유명하다고 하는데 
우리는 딸기를 좋아해서 딸기생크림과 딸리크로플~ 
아메라카노와 라떼...가 입맛에 딱맞다...
잔도 엔틱하니 이쁘고~사람이 너무 많아서 앉을 공간이 
부족한데~ 외벽창쪽으로 리모델링을 한느낌인데.... 
그공간이 포토존인듯~ 이쁘네~ 빵종류도 너무 다양해서 
맛보고 싶고 재빵실이 눈으로 확인이되고 뭔가 다신뢰가는 느낌..;
간단하게 카페 들리러 들어간곳인데 바깥풍경도 예쁘고 실내 분위기도 좋았어요 매장도 은근 넓고 인기가 좋아서 사람도 많더라구여
맛있어보여서 소금빵골랐는데 생각보다 넘 마싯어서 아주만족했구여
커피도 맛있었어용 특히 방문한날 눈이 날렸는데 창밖으로 눈내리는거 보면서 힐링했어요 바깥 뷰도 넘 예뻐용
디저트도 케이크나 빵 , 크러핀 종류 다양해서 여러사람와도 모두 취향저격일듯 하네여
다음에 성수동오면 소금빵 먹으러 또 들릴거같아여
건물이 실내는 1,2층으로 되어있는데 이층에 화장실도 깔끔하게 있어서 편했어여;
시그니쳐 밀크티가 있길래 맛난줄 알고 시켰는데 너무 달아서 완전 실망 했네요. 플랫화이트는 좀 부드럽긴 했지만 커피의 고소하고 쌉싸름한 맛이 좀 덜했구요. 파운드케잌은 아마도 얼린 상태를 녹인건지 빵안이 너무 차가웠어요. 촉촉함은 좀 덜했구요. 인테리어는 진짜 멋진데 빵이나 커피는 좀 실망이네요.;
핫플인줄 모르고 간곳. 빵 종류가 다양해요
근데, 계산하시는분이 빵 포장도 하고 주문도 받고 계산도 하고 하니, 계산하고 빵 포장 기다리고 시간이 너무 오래걸리네요. 커피맛도 쏘쏘. 유자차도 양이 쥐콩만하게 주고. 에스프레소인줄. 레몬치즈케익은 시트도 딱딱하고 맛이 없고. 사람들도 많고 시끄러워서 또 가고 싶진 않아요. ;
통창이라 개방감이 좋았어요~
배가 불러 커피만 마셨는데 빵 종류가 많고 다 맛있어 보였어요~~
2층 좌석이 많았는데 거의 만석일 정도로 인기있는 카페였네요~~;
조선호텔 밀페유 매니아인데
먹어본 시드니처밀페유는 쏘쏘 에요
게이샤커피는 먹어본것중 감미롭고 좋네요;"
카페 할아버지공장,"카페,디저트",0507-1317-2301,서울특별시 성동구 성수이로7가길 9,https://m.place.naver.com/place/1425989301?entry=ple,,뷰,,대형,,커피,"커피, 베이커리, 티, 에이드칵테일",6000,,2267,"평일에 가서 그런지 사람이 없어서 평들과 다르게 되게 좋았어요! 2층의 잔잔한 음악과 간지나는 lp판들 아늑한 조명까지 좋아요. 
차와 바닐라라떼를 시켰는데 피치차는 향도 좋고 맛도 좋았어용 바닐라라떼는 바닐라향도 진하고 이쁜 라떼아트에 달달한맛!

다음에 사람들이 없다면 재방문의사⭐️⭐️⭐️⭐️;
쌀 디저트, 빵이 주말 오후에 들렸을때 다양하게 있었어요
자리도 많아서 웨이팅 없는게 좋았고요
외부좌석까지 열려있어 날씨 좋고 시원했어요
스텔라 맥주, 아이스아메리카노 맛있어요;
성수 대형카페 할아버지공장!!! 진짜 넓어요!!!
전체적으로 가격대가 있는편이지만, 대화하고 노트북 작업하기엔 좋습니다! 티라미수롤은 꼭 드셔보세요🤍;
성수에 왔다가 들리게 되었습니다. 성수에서 일하는 지인이 많이 오는 카페라고 합니다. 대림창고라는 곳과 컨셉이 비슷하면서도 미세하게 다르네요. 좀더 아늑하고 멋진 곳입니다. 을지와서 맛있는 커피와 빵 먹고 갑니다. 조금 찾기 힘들지만 꼭 한번 와보세요.;
오랜만에 방문했어요 소금빵과 시나몬롤 둘다 완전 맛있어요 평일저녁 붐비지 않고 공간도 넓어서 실컷 수다떨다 왔네요;
      이름도 정겨운데, 마당분위기도 정겹고 나뭇가지 걸려있는 조그만 오두막 너무 예뻐서  안 올수없는  할아버지공장 점심먹으러 왔어요🍝🥗☕️ 
  점심시간이라 1층매장에 손님들 많았어요 쉬림프포모도르 주문해놓고 마당 둘러봤는데 가을 분위기 정말 좋았구요  낡은  것 많아도 절대 후지지않는 매력은 뭘까요?🥰
  지용호작가의, 움직임이 생생하게 느껴지는 작품Wild Boar 6  넘 멋져서 앞뒤좌우 오래 감상했어요;
 음식받아 2층에서 맛있게 얼른 먹고 오두막 올라갔는데 나오기 싫었어요 조그만 의자 두개도, 앏은 선반위 나뭇잎도 너무 귀엽고 빛이 스며드는 공간들이 정말 예뻤어요😍 
 낡은 문들은 밀,당을 잘해서 열면 다 열리니 참고하세요
 최호철작가님 그림들도 넘 재밌게 잘 봤구요 좋은 공간, 또 갈거예요🤗;
넓고 좋아요 깔끔해요.
화장실 위에 거미줄있어요.;
평일 방문해서 사람이 많지 않아 좋았는데.. 커피나 음료 가격이 너무 사악하네요. 비싼데 너무 부실해서 자주 올 곳은 못된다 싶어요. 운좋게 가게 앞에 주차 공간 있어서 주차 가능(2-3대 가능해보임)했는데.. 주차비까지  따로 낸다고 생각하면 그만한 값어치 하는 곳은 아닌 거 같아요. 커피나 음료, 베이커리나 디저트가 일단 너무.. 맛없어 개인적으로 한번으로 족한 곳!;
단체로 오기 좋아요! 흑임자 라떼 먹었는데 엄청 달고 맛 괜찮아요~ 가격이 매우 비싸고 맛이 있는 편은 아니라서 단체가 아니면 굳이 안 갈 거 같지만, 단체라면 무조건 추천입니다...! 대화하기는 좋아요!;
오랜친구와 만남의 장소를 정한 이유는 넓직한 공간감때문입니다. 성수동에는 카페가 많아요. 여러 컨셉형 카페가 많지만 대화하기 좋고, 마음이 편안한 곳은 넓직함과 적절한 세련됨을 갖춘 카페라고 생각합니다. 그래서 맥주도 파는게 아닐까! 을씨년스러운 겨울에도 실내에서 이야기하기 좋습니다. 다음 여름에 초록내음이 가득한 테라스에서 마셔보고 싶네요. 위치 저장합니다.;"
오로라베이커리카페 성수점,베이커리,0507-1478-1273,서울특별시 성동구 아차산로 126 1층 101호~103호,https://m.place.naver.com/place/1228254752?entry=ple,주차,,노트북,,,소금빵,"소금빵, 곰도리카노, 곰돌 식혜, 잠봉뵈르 소금빵",8800,4.21,51,"우선 베이커리 상호명답게 빵 종류가 정말 다양했어요!
소금빵만 해도 초코소금빵, 크림소금빵, 라우겐소금빵
등등 여러 종류가 있어서 고르는 맛이 쏠쏠 과일이
듬뿍 들어간 과일타르트랑 보틀케이크도 비주얼에 홀
려서 get& 신선한 재료로 만들어져 온 가족이 즐기기
좋은 오로라베이커리 최고♥; 매장이 넓고 좌석이 편하게 있어서 친구랑 수다 떨기
좋았습니다! 소금빵 종류가 엄청 많은데 조금 늦게 갔
더니 많이 없더라고요π 담엔 꼭 흑임자 소금빵을 먹어
보고 싶어요 ..! 커피는 산미 없어서 제가 좋아하는 맛이
었습니다아아; 소금빵 맛집이라고 했는데 다양한 빵이 있었고 소금빵
맛도 괜찮았습니다. 다음엔 다른 빵도 먹어보고 싶네요; 생딸기
+ 쥬스도 소금빵도 진짜 맛있었어요 잠깐 들린 곳이
아니였다면 이것 저것 빵 더 샀을거예요 ! 빵 쇼핑 하시
는 분들도 많았어요 테이블도 많아서 얘기 나누면서 시
간 보내기 좋았습니당; 식혜는 신박하고 잘 안녹아서 그렇지만 호박식혜 맛있
어요. 소금빵도 맛있어요. 넓은 공간이 트여서 모이기
좋아요.; 소금빵 진짜 좋아하는데 여기찐맛이에요 ...! 곰돌이 아
메리카노도 넘나 귀엽습니당 아ㅎ; 새로운 성수 소금빵 맛집 !! 소금빵 종류도 다양하고 크
기는 아담함 다른 소금빵에 비해 조금 질긴 편;"
어니언 성수,"카페,디저트",0507-1386-3238,서울특별시 성동구 아차산로9길 8 어니언,https://m.place.naver.com/place/38561949?entry=ple,,,,대형,,소금빵,"소금빵, 아메리카노, 이 초콜릿 라떼는 최고라고 자부한다, 팡도르",8500,4.41,2675,"유명한 어니언 저도 다녀왔습니다! 운좋게 예쁜 야외테
이블 앉았는데요, 계산 웨이팅은 20분정도 ..... 소금빵
과 커피는 쏘쏘 카푸치노빵 존맛탱 .. 부드럽고 쌉싸릅
달달하니 최고에용 바닐라라떼는 진하진않은데 텁텁
한 느낌이 아니라 먹기엔 좋았어요 사진찍기좋아요 자
리 눈치싸움이 중요할듯 ....; 여기 숨겨진 소금빵 대존맛 맛집입니당 ..!! □ 두둥 !! 앙버
터소금빵 먹고 이건 포장각이다 하고 바로 나가면서 포
장주문ㅎㅎ저는 기본 소금빵 3개 친구는 기본 1개 앙버
터 1 사갔어용 ..!! 들어오자마자 비가 왔던 8월 날씨인
데 통창이 있어서 정말 뷰가 예뻤던 ..; 성수나들이 오전부터 사람많음. 회전율이 빠름. 소금빵
맛있다.; 갈때마다 자리가 없어서 오늘도 포장만 해옴. 카푸치노
랑 소금빵 샀는데 포장을 완벽하게 해주네요.; 비가 오는 날에도 일본, 중국 관광객이 계속 있었음 갔
을 땐 몰랐는데 관광객들이 꼭 가는 곳이라고 .. 우선 저
는 그냥 그랬습니다. 비가 오는데도 사람이 많아서 자
리잡기도 좋은 편은 아니었고 가격대비 커피맛 잘 모르
겠더라고요 빵 종류는 그래도 좀 있었으나 소금빵도 잘
모르겠고 .. 제 취향이 아니었나 봅니다.; 커피 진짜 맛있고요, 일단 소금빵 아이스아메리카노 같
이 먹으면 이길 조합이 없어요π 제 최애는 어니언 소
금빵인데 가격도 심지어 맛에 비해 너무 싸요π 정말~
~~ 소금빵 매니아라 새로운 곳 도전하곤 하는데 다른
빵집 소금빵 먹을때마다 어니언 빵 생각나서 결국 어니
언 빵집으로 돌아와요~ 꼭 드셔보세요! 다른 빵들도 맛
있어요! 하지만 전 소금빵 강추 :);"
LOWIDE 서울숲,"카페,디저트",0507-1430-2219,서울특별시 성동구 서울숲2길 22-1,https://m.place.naver.com/place/1687687205?entry=ple,,뷰,,,,소금빵,"소금빵, 로우 라떼, 와이드 라떼, 서머에이드",9900,4.38,264,"소금빵이 맛있어요. 배달주문도 많은지 엄청 바빠요.
서울숲 소금빵 맛집입니다.; 소금빵이 진짜 맛있어요 !!! 쫀득쫀득해요 ㅎㅎ 콜드브
루도 진짜 너무 맛있어요 아ㅎ; 전체적으로 음료든 빵이든 높은 가격들이었다. 성수라
그런가 .. 빵디저트 진짜 다 맛있어보여서 고르기 어려
웠다.□ 가장 먹어보고 싶었던 우유 소금빵, 아쉬웠다.
난방기 아래 노출된채 진열돼있어 그런가 건조했다. 이
게 문제 아니어도 소금빵의 그 촉촉한 속면이 전혀 없
었음 .. 레드벨벳 케이크도 전형적으로 생각하는 투썸
스타일을 생각하면 안된다. 크림치즈 크림아니고 그냥
생크림, 레드벨벳 맛?도 강하지 않은 시트였다. 딸기데
니시는 그냥 평범. 기대없던 퀸아망이 제일 맛있었다.
크루아상을 응축시킨 맛이었다! 와이드라떼는 원두
도 진하고 맛있었다. 되게 달달할 줄 알았는데 그렇지
는 않았다. ♥ 다시 간다면 치즈케이크가 궁금하군; 다른 카페에 비해 가격은 괜찮은 편 같아요! (소금빵 2,
900원) 퀸아망과 치즈케이크 맛있었어요! 라떼(B원두)
맛있어요! 근데 .. 소금빵 진짜 .. 실망 .. 매장에 비치된 오
븐에 돌려보았지만 .. 살릴 수 없었어요 .. 바닥에 버터의
흔적이라곤 찾아볼 수 없는 .. 소금빵은 여기 아닙니다,,,; 동행 부모님
주택개조해서 만든 카페 해 지고 갔는데 카페 따뜻한
분위기랑 차가운 밤 분위기가 고즈넉하니 좋네요 여긴
진짜 소금빵 맛집인거같음 후추소금빵만 남아있어서
아쉽게도 다른 맛은 못 먹어봤지만 후추 매운맛이 그대
로 살아있는 매운 소금빵 !!! 매운 소금빵은 처음인데 그
알싸한 매운맛이 과하지 않을정도로 딱 선을 지키고 있
음 너무 매력적인 맛이었고 다음에 다른 맛도 꼭 먹어
보고싶을 정도 당근케이크는 쏘쏘 그냥 평범해요 낫 배
드 커피는 산미있는걸로 시켰는데 향긋하고 좋았어요
단점이라면 한쪽 구석에 충전기들 모아놓은거 빼고는
어떤 좌석도 충전기 꽂을수있는 곳이 없다는것!"
대니스수퍼마켓,베이커리,070-4148-1018,서울특별시 성동구 연무장15길 11 B동 101호~111호,https://m.place.naver.com/place/1560866507?entry=ple,,,,,,,,,,,
프라이데이 베이커리,"카페,디저트",010-9633-0174,서울특별시 성동구 왕십리로14길 7 1층 프라이데이베이커리,https://m.place.naver.com/place/1884486346?entry=ple,,,,,,,,,,,
구펠,"카페,디저트",0507-1445-1430,서울특별시 성동구 왕십리로14길 30-1 1층 2층 3층 지하1층,https://m.place.naver.com/place/1411397842?entry=ple,,,,,,,,,,,
에르제 성수,베이커리,0507-1485-7021,서울특별시 성동구 아차산로 135 1층,https://m.place.naver.com/place/1734273361?entry=ple,포장,,,,,소금빵,"소금빵, 잠봉뵈르 샌드위치, 크로플, 무화과 깜빠뉴",3500,4.58,976,"정말 간만에 들렸지만 소금빵은 역시 지존의 맛이구요
다른데에서 먹다가 소금빵 자체를 끊어버렸거든요 실
망스러워서 Tπ 하지만 에르제는 그냥 먹어도 바삭 고
소 진짜 엘엔비르버터 왕창 넣으신걸 느낄수 있었습니
다 크루아상과 소금빵 최고입니다.; 소금빵이 유명하지만, 모든 빵이 다 맛있는 곳이에요
특히 저는 바게뜨랑 크루아상을 즐겨 사먹는데
먹고 또 먹어도 맛있습니다πTTT; 소금빵 맛있어요; 크로아상이 큼지막하고 실해서 가격이 이해되긴 합니
다. 피스타치오 크로아상은 위에 토핑도 많고 크림도
진하고 가득 들어있어서 가격도 이해되고 맛있었어요.
근데 깜빠뉴 외 소금빵이나 크로아상류 가격 보면 맛있
어야되는 가격임 소금빵은 가격대비 특색이 없
어서 비추구요 워낙 좋은 빵집이 많아서 가격 생각하면
굳이 찾아가서 방문은 안 할거 같네요.; 소금빵 3,500원 8,500원 잠봉뵈르와 깜빠뉴 둘다 가격이 꽤 비싼데 맛
있었어요. 빵이 딱딱하고 조금 질긴 편인데 꼭꼭 씹어
먹으면 고소하고 맛있어요. 근데 소금빵은 .. 질깃질깃해
요 .. 비싼 편인데도 제 입맛엔 안 맞아서 아쉬웠어요.;"
아워아워,"카페, 디저트",0507-1325-4682,서울 성동구 아차산로1가길 11 1층,/,,,,,애견동반,소금빵,"크랙소금빵, 잠봉뵈르, 아포가토, 솔티드피넛크림",10000,,16,"광화문 FOURB 커피를 좋아하는 나로서는, 여기 커피
가 가장 4B에 가까운 맛을 낸다고 생각한다. 무슨 원두
를 쓰냐고 묻자, 콜롬비아 원두를 사용한다고 했다. 너
무 쓰거나 산미가 많이 나는 양극단을 달리지 않고, 묵
직하면서도 간간히 올라오는 산미에 딱 적당한 맛이라
생각한다. 우연히 알게되었지만 커피맛은 굿이었고. 예
상외로 소금빵이 압권이었다. 졸깃졸깃한 식감에 놀랐
는데, 등급 높은 밀가루와 버터, 그리고 프랑스산 소금
을 쓴다며. 이런 곳이 왜 아직 알려지지 않았을까 할 정
도. 말차 테린느는 좀더 부드러우면 어땠을까 했는데
이건 개인의 취향이니 넘어가고. 적어도 커피맛과 소금
빵만큼은 추천할 만하다.; 사장님이 직접 구운 마늘소금빵 맛있어요~아이스아메
리카노 역시 good! 사진에 없지만 시그니처메뉴 애플
시나몬티 고급진 맛 납니다~;"
어커,"카페, 디저트",0507-1422-7335,서울 성동구 광나루로4길 12 어커,https://www.instagram.com/accurofficial,,뷰,,,,소금빵,"어커라떼 랑 소금빵, 어커라떼, 어커 소금빵 샌드위치, 브루잉 커피",9700,,81,"소금빵 나오는 시간보다 조금 이르게 갔던 탓에 빵은
조금의 기다림이 필요했어요. 하지만 예상 시간과 빵이
나오면 바로 알려주시겠다는 친절한 설명해주신 직원
분 덕분에 기분 좋게 기다릴 수 있었습니다
갓 나온 소금빵 맛은. 말해 뭐하겠습니까
소금빵 안에 들어간 피스타치오크림은, 크림에 미친 저
에겐 정말 신세계였네요
먹기 조금 힘든게 흠이라면 흠이지만 진짜 맛있어요!
다음번에는 어커에아소를 도전해보려합니다; 벚꽃보고 출출해서 우연히 들른 카페인데 소금빵 맛집
이에요 !! 소금빵 부그럽고 쫄깃해서 맛있어요! 앙버터
맛있어서 순삭 했습니다 !! 분위기도 좋고 음료도 맛있
었어요 !!; 소금빵 맛집 .. 분위기도 좋아서 자주와용; 커피맛있어서 자주가는 동네카페.
특히나 소금빵이 맛있어서 더더더 좋아하는곳.
초코생딸기크림소금빵 시즌메뉴라서 먹어봤는데 ㅈロ
E.
갓나온 따끈한 소금빵 너무 맛있어요 !!!!; 디저트 종류가 많아서 좋아욤
말차라떼 왕맛도리 쌉쌀달달해서 또 먹구 싶음
매장 작은데 은근 조용해서 대화하기도 편해쑴
포토존도 이써용; 길가다 인테리어가 눈에 띄어서 들어가봤습니다 소금
빵을 팔고 있더라구요 기본하나 초코소금빵 하나 포장
해갔는데 바삭하고 맛있었습니다 사장님도 친절하게
안내해주셔서 좋았구요 담에 또 들릴 의사 있습니다"
만동제과,베이커리,0507-1438-2339,서울특별시 성동구 성수이로 96 1층,https://m.place.naver.com/place/1683361887?entry=ple,,,,,,,,,,,
파머스카페,"카페,디저트",0507-1471-4223,서울특별시 성동구 왕십리로6길 11 1층,https://m.place.naver.com/place/37471718?entry=ple,,,,,,,,,,,
라에비뉴,"카페,디저트",0507-1308-0120,서울특별시 성동구 성수일로10길 33 1층 103호,https://m.place.naver.com/place/1199055314?entry=ple,,,,,,,,,,,
뺑드에코,베이커리,02-462-4730,서울특별시 성동구 연무장길 44 2층,https://m.place.naver.com/place/1526798269?entry=ple,,,,,,,,,,,
코끼리베이글 성수,베이커리,02-498-0077,서울특별시 성동구 성수이로26길 17 (성수동2가) 1층,https://m.place.naver.com/place/1543901744?entry=ple,,,,,,,,,,,
테디스오븐,"카페,디저트",070-4900-1100,서울특별시 성동구 서울숲2길 43 (성수동1 가) 1층,https://m.place.naver.com/place/1239997161?entry=ple,,,,,,,,,,,
쎈느Scene,"카페,디저트",0507-1493-2127,서울특별시 성동구 연무장5길 20 1F Scène,https://m.place.naver.com/place/1030871168?entry=ple,,,,,,,,,,,
천상가옥,"카페,디저트",010-2770-3753,서울특별시 성동구 성수이로14길 14 A동 3층,https://m.place.naver.com/place/1071830988?entry=ple,,,,,,,,,,,
구테로이테 성수센트럴키친,"카페,디저트",0507-2093-4479,서울특별시 성동구 연무장13길 9 1층 구테로이테 성수센트럴키친,https://m.place.naver.com/place/1046248956?entry=ple,,,,,,,,,,,
더반 베를린 성수점,"카페,디저트",0507-1313-1955,서울특별시 성동구 뚝섬로17길 31-22 더반 베를린 코리아 성수,https://m.place.naver.com/place/1289885337?entry=ple,,,,,,,,,,,
타임애프터타임,"카페,디저트",0507-1323-9629,서울특별시 성동구 연무장길 28-16 1-2층,https://m.place.naver.com/place/1675458615?entry=ple,,,,,,,,,,,
LOOOP 루프 베이커리 카페,카페,0507-1425-2028,서울특별시 성동구 연무장5길 9-13 1층,https://m.place.naver.com/place/1935471901?entry=ple,,,,,,,,,,,
본노엘 성수점,베이커리,0507-1387-1227,서울특별시 성동구 상원길 64 1층,https://m.place.naver.com/place/36237493?entry=ple,포장,,,,애견동반,소금빵,"소금빵, 앙버터, 밤식빵, 생과일 케잌",3500,4.4,748,"소금빵이 정말 맛있어서 자주 들려요! 저녁 시간에 방
문했는데 빵 종류도 거의 남아있었어요.; 동네 빵집처럼 생겼지만 엄청난 내공을 숨기고 있는 맛
집이에요! 소금빵은 특히 군더더기 없이 촉촉하고 맛있
습니다□ 가격도 착하고 아기자기한 가게에요 ... 추천합
니다; 초코 소금빵은 처음 먹어보는데 너무 맛있어요!; 일!단! 사장님이 너무너무너무 친절하십니다. 빵은 ㄹ
○ 역대급 소금빵맛을 보았구요 .. 맨날 지나다니면서
냄새만 맡다가 먹으니까 차원이 다르네요 !!! 사장님 적
게 일하고 많이 버세요; 운동 끝나고 지나다니면서 매번 궁금해서 유명한 소금
빵과 가성비 좋아보이는 마늘빵 먹었어요! 건강하고 담
백한 맛인 빵이에요 !! 자극적인 빵은 아닙니당; 여기 소금빵에 중독돼서 엄청 자주 와요 .. 너무너무너
무 맛있어요 소금빵 꼭 드세요!;"
디플랫 성수,"카페,디저트",02-466-2560,서울특별시 성동구 연무장길 73 XYZ SEOUL,https://m.place.naver.com/place/1886226302?entry=ple,,,,,,,,,,,
투데이즈 위켄드,"카페,디저트",0507-1378-7547,서울특별시 성동구 왕십리로5길 14-1 1층,https://m.place.naver.com/place/1839018422?entry=ple,,,,,,,,,,,
에이투비 Cafe&Bar,"카페,디저트",0507-1468-0827,서울특별시 성동구 아차산로 135 2층,https://m.place.naver.com/place/1537971823?entry=ple,,,,,,,,,,,
프라이데이무브먼트,"카페,디저트",02-6012-4862,서울특별시 성동구 왕십리로14길 7 1층 프라이데이무브먼트,https://m.place.naver.com/place/37302046?entry=ple,,,,,,,,,,,
하인라인,"카페, 디저트",0507-1363-1228,서울 성동구 성덕정9길 10 2층 오른쪽문,https://www.instagram.com/highlinecafe,,,,,애견동반,소금빵,"소금빵, 초당옥수수 라떼, 초당옥수수 프렌치 토스트, 쑥 크럼블 교콜라 라떼",9500,,482,"초당옥수수라떼 크림이랑 커피가 정말 고소하고 맛있
어요! 소금빵 쫄깃하고 부드러운단호박까지 정말 꿀조
합; 소금빵 옥수수라떼 맛이 있어요 ~~!!!
내부는 심플하고 의자가 편하고 강아지 동반이 돼서 좋
아요 ~~~!!!; 소금빵 라떼 맛이 있어요 ~~!!!
메뉴도 다양해요 ~~~; 성수동 가시는 분들 여기 꼭 가보세요
옥수수 좋아하시면 특히 더,,
콘아이스크림 소금빵은 처음 먹어봤는데 너무 맛있음

옥수수라떼도 존맛탱이고 인테리어도 넘 예쁘고 사진
도 잘 나오고 그냥 미친 카페 ..
디저트 도장깨러 또 갈거예요TTTTT;"
오우드 성수2호점,베이커리,0507-1454-2050,서울특별시 성동구 성수이로24길 36 2층,https://m.place.naver.com/place/1216172292?entry=ple,주차,뷰,노트북,대형,,소금빵,"소금빵, Pastry Bun, Cream Chocolate, Peanut Cream Latte",10500,,452,"소금빵이 유명하다고 해서 간 김에 몇개 먹었는데 저는
개인적으로 소금빵 보다는 잠봉 소금빵이 좋았네요 여
기 카페도 넓고 편한 분위기로 있을 수 있는듯; 소금빵맛집 !! 소금빵먹으러 방문했어요 역시믿고먹
는 소금빵맛집 바닥 바삭하고 속은 촉촉하고 짭짤한맛
이 중독적이에여; 소금빵 맛집이라고 해서 포장해왔는데 생각보다너
무 별로 였어요 ... ㅎㅎ 매장은 엄청 넓더라고요 ... 소금
빵 맛집은 아닌것같아요^아ㅎ; 요즘 아침에 들러서 오우드 모닝세트(아메리카노+소
금빵) 또는 플랫화이트 사 먹는 재미에 쏙 빠졌습니다.
근처 저렴이 프렌차이즈 카페에 비해 비싼 줄 알았는데
모닝세트는 더 저렴하더라고요. 단돈 4,500원에 갓 구
운 소금빵이라니.□ 플랫화이트도 제가 근방에서 먹어
본 중에 가장 맛있어요. 라떼나 카푸치노 보다 진하지
만 쌀쌀한 아침을 따스하게 적셔주는 효과가 있어요 ..
● 따뜻한 라떼류 좋아하시는 분들은 꼭 드셔보십
쑈! 무슨 무신사랑 협업 행사(?) 같은 것도 하고, 행사나
이벤트가 많은 것 같아요. 1층에는 편집샵이라고 합니
당. 입구 들어오다가 멈칫하신 분들은 자연스럽게 계단
타시면 되어용.; 단골입니다. 아침에 회사 가기 전에 들르고, 회사 사람
들이랑도 점심먹고 나서나 회의하러 자주 와요. 최
근 아침 세트메뉴 나와서 아침에는 늘 이 세트를 찾습
니다! 바리스타님에 따르면 여기 소금빵이 시그니처라
고 하던데 아침에 먹으니 따뜻하고 버터향이 올라와서
너무 좋아요.□ 오늘같이 비오는 날 찰떡 .. 아메리카노
와 함께 먹으면 밸런스가 진짜 좋습니다. ● 아메리카
노가 4,500원이고 소금빵이 3,500원인데 모닝세트는
4,500원이라 세트 메뉴 안먹으면 손해인 것 같아서 전
요새 모닝세트만 찾습니다.크크크크 혹시 아침에 들르
시는 분들은 꼭 꼭 드셔보세유 !! p.s 안타깝게도 커피 변
경 가능 여부 물어봤으나 안된다고 합니다.; 오우드라는 공간 덕분에 아침부터 기부니가 너무 좋네
요~M 모닝세트 이용했는데, 저렴하고 맛있어요. 커피
도 진하고, 소금빵도 고소, 쫄깃해요. 공간도 넓고, 음악
도 좋고, 평일 오전이라 더 한가해서 힐링하기 좋아요.
운동삼아 만 보 걸어왔는데, 아주 잘한 일. 자주자주 방
문할게요. 짱입니다~^0^아야아;"
굴림,"카페,디저트",0507-1485-7999,서울특별시 성동구 성수이로5길 1 1층 굴림,https://m.place.naver.com/place/1397836032?entry=ple,,,,,,,,,,,
씨장,베이커리,0507-1331-9642,서울특별시 성동구 성덕정길 92 1층,https://m.place.naver.com/place/1802728761?entry=ple,,,,,,,,,,,
리옹베이커리,"카페,디저트",0507-1408-0271,서울특별시 성동구 서울숲2길 14-8 1층,https://m.place.naver.com/place/1275929043?entry=ple,,,,,,,,,,,
청키드 성수점,베이커리,0507-1355-2504,서울특별시 성동구 아차산로7길 24 1층 1-1호,https://m.place.naver.com/place/1944438246?entry=ple,,,,,,,,,,,
브라우터,카페,0507-1362-1217,서울특별시 성동구 왕십리로14길 28-21 지상 1~4층,https://m.place.naver.com/place/1723681649?entry=ple,,,,,,,,,,,
모멀,베이커리,0507-1372-9056,"서울특별시 성동구 서울숲2길 26 1층, B1층",https://m.place.naver.com/place/1798441808?entry=ple,,,,,,,,,,,
베이크모굴,"카페,디저트",0507-1357-0401,서울특별시 성동구 서울숲2길 17 베이크모굴,https://m.place.naver.com/place/1242865070?entry=ple,,,,,,,,,,,
프리미스,베이커리,0507-1334-7399,서울특별시 성동구 연무장길 46,https://m.place.naver.com/place/1253148610?entry=ple,,,,,,,,,,,
글로우,카페,070-5097-5506,서울특별시 성동구 아차산로9길 20 1층,https://m.place.naver.com/place/548365578?entry=ple,,,,,,,,,,,
메종드마가레뜨,베이글,,서울특별시 성동구 연무장3길 14,https://m.place.naver.com/place/1460780062?entry=ple,포장,뷰,,,,소금빵,"소금빵, 베이글",3000,,451,"후추 소금빵 먹으려고 방문했어요 ! 그냥 소금빵이 근
데 더 맛있었던 ?? 개성있어서 한번쯤은 먹어보면 좋을
듯해요 포장만 하는 가게지만 너무 예쁜 가게; 늘 보고 지나치기만 했는데, 사람이 없어서 이번에 다
녀왔어요. 동화속 공간같은 예쁜 공간에 반했어요! 쿠
키(스트로베리 마가레트)는 .. 예쁘지만 .. 별로 아쉬워
요. 소금빵도 .. 엄청 맛있다 하시던데 ;; 잘 모르겠어요.
소보루 모닝글 맛있어요; 후추소금빵의 원조, 부드러운 베이글인 모닝글을 파는
성수동의 작은 프랑스, 빵집이에요. 아기자기한 인테리
어와 식기들이 눈길을 잡아요. 후추소금빵과 일반 소금
빵을 하나씩 사서 집에 왔는데 후추소금빵 정말 특색
있어요:) 그릇도 판매하시는데 디올성수 크리에이티브
디렉터가 디자인한 그릇이래요, 괜히 사고싶어져요 크
IT; 사진 잘나오는 포토존…♡ 소금빵이랑 마가레트 샀는
데 맛있었어요 !! 맛은 .. 평범한데 매장이 예쁘고 컨셉이
독특해서 빵 고를때 재미있었어요; 성수동 핫플 투어^ 인스타로만 보다가 직접 와보니 더
더 이쁘고 멋지네요 !!! 좌석은 없지만 빵 사러 일부러 올
정도^^ 특히 후추 소금빵 jmt이에요; 프랑스를 옮겨 놓은 듯한 분위기의 빵집이에요. 매장이
매우 협소한데 넘 예뻐서 사진찍기 좋습니다. 모닝빵
식감 + 베이글 모양의 빵을 파는데 정말 가볍고 퐁신해
요. 질깃한 거 좋아하는 제겐 조금 아쉬웠지만 한번쯤
먹어볼만 한 것 같아요. 스프레드가 괜찮았고, 빵이 전
체적으로 간이 센 편이에요. 소금빵과 후추빵은 특히
짜고 알싸해서 호불호갈릴 것 같습니다.;"
르 알래스카,베이커리,02-6465-9244,서울특별시 성동구 연무장길 20-1,https://m.place.naver.com/place/1765506183?entry=ple,포장,뷰,,,,소금빵,"소금빵, 우유식빵, 잡곡식빵, 호밀식빵",3400,,223,"지나가다 인테리어도 너무 예쁘고 빵집 같아 급하게 차
세우고 들어갔어요 ~~ 알고보니 르알라스카 ~~ 가로수
길점 워낙 좋아했는데 성수동에도 생겼네요~ 소금빵
바질치아바타 스마일초코빵 소시지빵 소보로빵 포장
해왔는데 다 넘 맛있었어요 ~~~; 인테리어가 너무 예쁘고 빵이 주르륵 있어서 안들어가
볼ㄹ수가 없는가게 !! 아니 소금빵 진짜 너무 맛있어
요 ;;; 더먹고싶어요 T;  전자레인지에 돌려먹으니 너무 맛
있어요TTT 진짜 성수 갈 일 있을때마다 들러야겠어
요; 가로수길 터줏대감이 사라지고 성수동에 다시 자리 잡
았대서 들러봤어요. 소금빵 맛집이라고 초반에 인기였
던 것 같은데 흑임자는 고소하고 매력있었지만 소금빵
특유의 매력을 느끼기엔 조금 부족했어요. 전반적으로
빵 가격대가 높긴 하지만 재료도 듬뿍 쓰시고 종류도
다양해 한번쯤 들러볼만 합니다; 간판이 없으니 잘 보고 들어가야 하는 아기자기한 빵집
이에요! 흑임자소금빵을 구매하기 위해 일부러 찾아간
곳인데, 찾아가길 잘했어요 !!! 빵이 진짜 겉바속촉이었
구 흑임자까지 더해져서 고소한 맛까지 좋았어요 !!!; 흑임자 소금빵이 새로 나온 것 같아서 구입을 했어요; 줄이 길지만 금방금방 빠져서 괜찮아여! 사장님 너무
친절하십니다! 다만 소금빵이 약간 아쉬웠오요 빵
속이 꽉차있다고 할까욤 ..? 다른빵은 만족합니다!"
밀도 성수점,베이커리,0507-1476-5052,서울특별시 성동구 왕십리로 96,https://m.place.naver.com/place/37717085?entry=ple,,,,,,,,,,,
사이드템포,"카페,디저트",0507-1431-1071,서울특별시 성동구 성덕정길 67 사이드템포,https://m.place.naver.com/place/1961050470?entry=ple,,,,,,,,,,,
라바트리 서울숲,카페,0507-1326-9767,서울특별시 성동구 아차산로 6 5층,https://m.place.naver.com/place/1513343333?entry=ple,,,,,,,,,,,
아우프글렛 성수,"카페,디저트",070-8858-0828,서울특별시 성동구 왕십리로10길 9-2,https://m.place.naver.com/place/1134845752?entry=ple,,,,,,,,,,,
후후베이크,베이커리,02-466-9609,서울특별시 성동구 상원1길 13 1층,https://m.place.naver.com/place/1776278379?entry=ple,포장,,,,,소금빵,"소금빵, 크로와상, 치아바타, 빨미까레",3000,,159,"얼그레이 크로와상은 언제나 맛있고 오늘은 소금빵 처
음사먹어봤는데 겉바속촉이라 너무 맛있어요 전 소금
빵 겉에 크랙있어서 바삭한 것만 먹는데 여기것도 크랙
이 있어서 너무 좋아요 이 두개는 언제나 꼭 사먹어야
겠어요 후후베이크 짱; 너뮤맛있어요 재방문할래요 !!! 감태소금빵짱짱; 서울숲 빵의 정석 자리가 없어지고 사진관이 들어와서
무척 섭섭했는데요, 뚝섬역 근처에 새롭게 오픈하셨어
요. 나무 문을 열고 들어가면 아담한 내부가 보입니다.
테이블은 없고 포장만 가능한 곳이네요. 벽에 동경제과
학교 출신 졸업장이 전시되어 있습니다. 오픈 주방이라
작은 공간이지만 답답하지 않네요. 빨미까레가 맛있다
는 평이 많지만 저는 단 맛의 빵을 좋아하지 않아서 크
로와상과 감태소금빵을 구매했어요. 크로와상. 정말 바
삭하고 속은 쫀득합니다. 엄지척. 감태소금빵. 소금빵
의 겉에 감태가 얇게 선처럼 보이네요. 오~ 바다의 맛을
품은 소금빵입니다. 제입에 딱입니다. 가격도 정말 착
하고 맛있는 빵을 다시 만날 수 있어 정말 좋아요. 자세
한 내용은 제 블로그 <힐링 인 서울 포레스트>에 있어
요. 많이 방문해주세요; 근처 올때마다 가는 곳이에요 이번엔 소금빵과 애플 페
스츄리 샀어요 소금빵도 맛있긴하지만 역시 여기의 근
본은 페스츄리임; 빵의정석이 후후베이크로 오픈했다는 소식을 접한 후
오픈 시간 12시전에 도착했는데도 내 앞에 대기인원이
많아서 깜놀 다행히도 내가 원하는 빵들을 이것저것 구
매할 수 있어서 너무나 행복한 하루였네요^^ 기대했던
맛 이상으로 너무 맛있네요~ 겉바속촉의 쫄깃한 식감
과 결좋은 크로와상 속에 부드러운 커스터드 크림, 위
에는 슈가파우더가 뿌려져 있어 달콤한 커스터드 크로
와상, 뺑오노아는 무화과, 건포도, 호두가 들어있어 건
강도 신경쓰면서 담백한 맛을 느낄수 있다. 감자, 양파,
베이컨이 들어있는 부드럽고 촉촉한 맛의 사라다 페츄,
그린 올리브랑 치즈가 들어있는 단짠단짠의 올리브스
틱, 요즘 유행하고 있는 소금빵은 완전 쫄깃쫄깃한 식
감에 깜놀, 안에는 커스터드, 위에는 사과조림이 있어
맛이 없을 수 없는 애플커스터드;"
봇봇봇,"카페,디저트",0507-1322-9219,서울특별시 성동구 아차산로9길 8,https://m.place.naver.com/place/1343525582?entry=ple,,,,,,,,,,,
쿠키도우즈,베이커리,0507-1334-0660,서울특별시 성동구 왕십리로14길 25 1층,https://m.place.naver.com/place/1711774601?entry=ple,,,,,,,,,,,
bakery tomo,베이커리,02-6465-7778,서울특별시 성동구 성수일로 33 1층,https://m.place.naver.com/place/1375584749?entry=ple,포장,,,,,소금빵,"소금빵, 바나나푸딩, 밤식빵, 크로와상",2800,,119,"규모는 작지만 내실 있는 베이커리네요. 매일 지나다니
는 길인데 눈에 크게 띄지 않았어요. 초등학교 건너편
이고 문방구와 학원이 있던 건물인데 어느 날부터 가게
가 하나씩 바뀌고 있어요. 내부는 깔끔합니다. 화이트
톤으로 화사하고 우드 톤의 느낌이 따뜻하네요. 문을
열면 바로 쇼케이스가 보여요. 제가 오후에 갔더니 몇
종류의 빵이 솔드아웃 된 것 같아요. 저는 소금빵, 크로
와상, 밤식빵을 구매했네요. 소금빵. 기존에 먹던 소금
빵 보다 정말 담백하네요. 크로와상. 겉부분(카라멜라
이징을 한 것인지)이 생각보다 많이 바삭합니다. 밤식
빵. 일단 식빵위에 올라간 소보루 토핑이 눈에 띄네요.
식빵의 결도 부드럽고 빵 사이에 잘 다져진 밤이 달콤
하네요. 자세한 내용은 제 블로그 <힐링 인 서울 포레스
트>에 있어요~; 작은 베이커리 가게였고 빵종류가 많은건 아니었지만
빵 자체 퀄리티는 있는 편이었습니다. 소금빵이 아쉽게
도 제 스타일은 아니었으나 좋은 재료로 만드신다는 느
낌은 받았네요.; 사장님도 친절하시고 빵이 맛있어요 소금빵 갓나왔을
때 진짜 맛있어용; 소금빵 사서 선물하고 저도 먹었네요 :) 다음날 에프 돌
려먹었는데 바삭하고 버터맛도 낭낭하니 성수가면 들
러야 할 곳 추가!; 운이 좋아서 소금빵을 살 수 있었어요 ㅎㅎ 전에는 갔
는데 없었거든요  진짜 좐득좐득하고 너무 맛있어요; 제 인생빵집이에요^^ 사는 지역은 먼데 서울숲에 놀러
갔다가 별기대없이 먹게된 소금빵에 반해 버려서~ 신
랑과 함께 또 갔다왔어요 그날은 소금빵이 없어서 못먹
었는데 조만간 또 갑니다 ㅎ 자극적이지 않고 깔끔한
맛이여서 더 좋았구요 어떤 빵을 먹어도 맛있어요;"
camouflage coffee,"카페,디저트",0507-1484-1530,서울특별시 성동구 아차산로1길 9,https://m.place.naver.com/place/1505046001?entry=ple,,,,,,,,,,,
아방베이커리 서울숲점,베이커리,02-6233-7625,서울특별시 성동구 왕십리로 83-21 지하1층 B117호~120호,https://m.place.naver.com/place/1087183871?entry=ple,,,,,,,,,,,
웨이크앤베이크,"카페,디저트",070-8802-3565,서울특별시 성동구 서울숲2길 28-12 지하1층,https://m.place.naver.com/place/1753489603?entry=ple,,,,,,,,,,,
현대붕어빵,베이커리,0507-1397-9377,서울특별시 성동구 연무장길 6-1 골목안쪽,https://m.place.naver.com/place/1340650690?entry=ple,,,,,,,,,,,
피셔맨즈오븐,"카페,디저트",010-2942-3280,서울특별시 성동구 서울숲2길 15-14 1층,https://m.place.naver.com/place/1298511802?entry=ple,,,,,,,,,,,
일호빵,베이커리,02-6081-8882,서울특별시 성동구 둘레15길 11 1층,https://m.place.naver.com/place/1206158549?entry=ple,,,,,,,,,,,
카멜커피 서울숲점,"카페,디저트",010-7657-7318,서울특별시 성동구 서울숲7길 4 카멜커피,https://m.place.naver.com/place/1353346572?entry=ple,,,,,,,,,,,
포도빵집,베이커리,010-3489-5254,서울특별시 성동구 서울숲7길 9-1 1층 포도빵집,https://m.place.naver.com/place/1813154034?entry=ple,,,,,애견동반,소금빵,"쌀소금빵, 크로아상 샌드위치, 애플 루꼴라 햄치즈 샌드위치, 아메리카노",9000,,193,"빵 너무너무 맛나요>< 쌀빵이라 소화도 잘되고 속도
편합니당 치즈 치아바타도 쫄깃 퐁신하니 맛나고 소금
빵도 담백하니 맛나구 아몬드 크루아상 존맛이구 다맛
있네 …; 소화 잘되는 쌀빵 소금빵 담백하고 쫄깃하니 맛나
는데 에프굽 살짝 하면 더 맛나용! 아몬드 크루아상도
맛났는데 다음앤 치아바타랑 깜빠뉴 먹어보려구요 !!!; 글루텐 프리 빵집입니다 !! 소금빵이랑 바질 토마토 치
아바타가 넘 맛있었어요 ~~ 추천합니다 :); 쌀빵이라서 식감도 쫄깃쫄깃하고,,, 먹고 나서도 더부
룩함이 없는 쌀빵 맛집입니다!● 뚝섬에 유일무이한
쌀빵 맛집 !! 이번에는 현미식빵을 구매해봤는데, 쫄깃
담백 .. 그냥 먹어도, 잼이랑 먹어도 너무 맜있어요
또 제가 가장 좋아하는 소금빵이랑 애플루꼴라샌드위
치 정말 추천드립니다' 소금빵은 크키가 큰편이구
쫄깃하고 너무 맛있어요* 애플루꼴라샌드위치는,,,
제가 먹었던 샌디치 중에 단연 1등 ... 한입 먹자마자 계
속 먹게 되는 마법입니다 ..* 별거 아닌 조합이 너어어
무 맛있어요t 맛도, 건강도 챙긴 포도빵집 ... 저의
애정하는 공간입니다C; 소금빵 맛있는거 몰랐는데 여기와서 알고갑니다:) 사장
님도 짱짱짱 친절하시고 쌀빵이라 속불편할 부담없이
먹기 좋아요~; 여기 빵 진짜 미챴어요 ... 이미 제꺼 다 먹어서 같이 간
일행 소금빵 뺏어서 찍었어요! 진짜 쌀빵이라 더 좋은
것 같아요! 테이크아웃 위주인데 테라스에 3테이블 정
도 앉을 수 있어요 !!"
테니,브런치카페,0507-1341-3094,서울특별시 성동구 뚝섬로17가길 55 1층,https://m.place.naver.com/place/1965277191?entry=ple,,,,,,,,,,,
TEESSERT,"카페,디저트",02-336-9440,"서울특별시 성동구 아차산로 126 지상동 1층 105호(성수동2가, 더리 브 세종타워)",https://m.place.naver.com/place/1765973708?entry=ple,,,,,,,,,,,
도렐 성수점,카페,02-465-3675,서울특별시 성동구 연무장7길 11 1층 도렐 성수점,https://m.place.naver.com/place/1432336976?entry=ple,,,,,,,,,,,
화이트글래스,"카페,디저트",02-2210-7876,서울특별시 성동구 상원12길 34 서울숲에이원센터 1층 108호 109호,https://m.place.naver.com/place/1461811104?entry=ple,주차,뷰,노트북,,,소금빵,"소금빵, 화글라떼, 아메리카노",8500,,464,"베이커리류도 다양하고 맛있는 메뉴들이 많아요! 뭐 먹
을지 고민 많았다눙 매장도 엄청 넓고 높아서 답답함이
없고 노트북 하기에도 좋겠더라구요 ~! 재즈가 나와서
분위기가 힐링하기 딱이에요. 소금빵샌드위치 먹었는
데 짭조름하면서 버터 담백함이 최고! 맛있어영ㅎㅎ 테
이크아웃으로 1리터 커피도 있어서 주변 회사원분들에
게 가성비 좋겠더라구영! 아주 굿굿; 층고가 높아서 그런지 더 넓은 느낌 샌드위치들도 맛있
고 소금빵 샌드위치 진짜 맛있어요 주말 오후는 너무
핫해서 빵이 얼마 없다고 하더라구요 평일 오후에 왔는
데 다행히도 겟했답니다 좌석마다 책이 있어서 책 읽기
도 좋아요; 평소 대형카페를 좋아하는데 뚝섬대형카페 가 있어서
다녀왔어요~ 베이커리 종류가 엄청 다양하더라구요~
저는 소금빵이랑 크로와상샌드위치랑 화글슈페너를
주문했어요:) 우선소금빵은 짭짤 고소해서 진짜맛있었
구 페스츄리 샌드위치가 대박이더라구요 진짜 신선하
고 맛있어요! 커피두 위에 크림이 달달해서 적당한맛!
맛있었어요:) 매장도 널널하구 예뻐서 너무좋아요 !: ); 매장이 청결하고 빵 음료도 맛있네요^ 초코크로와상
강추 !! 크로와상에 초코도 금상첨화인데 안에 커스타드
(?)크림 같은게 너무 맛있어여 !! 죠리퐁스무디랑 아메
리카노도 맛있어요ㅎㅎ 소금빵은 .. 조금 아쉬웠어여
크コ크ョ 그래도 가성비 좋고 잘 먹었어요. 초코크로와
상은 여기만한데가 없는 것 같아요~; 소금빵 이렇게 맛있을줄 알았으면 !!!! 더 사는건데 !!! 직
원분도 넘 친절하시고 빵도 커피도 넘 맛있었어요; 직원분들 모두 친절하시고 매장 청결했어요 무엇보다
커피랑 빵이 너무 맛있었어요 시그니처 메뉴 화글치노
강추입니다 ~! 빵 몇가지는 포장해왔네요 ㅎㅎ 특히 소
금빵이 최고네요 자주 이용하고 싶은 카페 입니다.;"
훔볼트,카페,02-462-5122,서울특별시 성동구 성수이로 58 1층 HUMBOLT,https://m.place.naver.com/place/1504347953?entry=ple,,,,,,,,,,,
stdo,"카페,디저트",0507-1361-9100,서울특별시 성동구 서울숲4길 12-8 1층,https://m.place.naver.com/place/1282311574?entry=ple,,,,,,,,,,,
르셀 베이커리,베이커리,0507-1334-5622,서울특별시 성동구 상원10길 25 1층 르셀베이커리,https://m.place.naver.com/place/1545903529?entry=ple,주차,,,,애견동반,소금빵,"쌀소금빵, 오레오 스모어 쿠키, 플레인 휘낭시에, 초콜릿 칩 스콘",3400,,455,"돌고 돌아서 다시 오게되는 소금방 찐맛집 르셀♥ 다
른 디저트도 맛있지만 .. 르셀은 소금빵이 진짜 미쳤어
요 !!!! 아래는 바삭바삭하고 위에는 촉촉하고요 ... 커피
랑 같이 먹으면 천국행 & 신메뉴 모카 소금빵이 진
짜 맛도리 뚝섬역 구석에 있지만 찾아서 가야만 하
는 곳 이에요. 추천합니다 !!!; 르셀 정말 오랜만에 방문했는데 여전히 소금빵 맛있네
요 !! 소금빵 종류도 다양해서 좋음. 보통 소금빵은 기본
이 제일 맛있다고 생각하지만 르셀 소금빵은 변화를 준
조합도 다 맛있음 그리고 티그레 처음 사봤는데 겉
은 바삭한데 안쪽이 쫀쫀해서 넘 맛있 체리초코
갈레트는 너무너무너무 달더라; 소금빵 맛있다고해서 가봤는데 제가 찾던 겉바속촉의
소금빵은 아녔어요 그냥 빵같은 소금빵이었는데 버터
리한걸 뺀 소금빵맛이었어요 휘낭시에는 다른집에 비
해 바삭단단하진 않았어요; 브리첼님이 오픈한 빵집이라고 해서 근처 점심약속 있
어 왔는데 감태 소금빵, 콘치즈할라피뇨 소금빵 등 다
양한 소금빵과 다양한 구움과자가 있어요. 모두 맛있어
보이고 제가 산 소금빵도 부드럽고 적당히 쫄깃하고 맛
있었어요. 매장안에서 감도는 버터향이 매력적인 것이
좋은 고메버터 사용하시는것 같아요.; 우리동네 소금빵 맛집~ 소금빵 종류가 다양해요~ 빵이
졸깃졸깃해요~ 그리고 다른 덴 기름지고 한데 여긴 담
백하고 고소해요.;"
봉땅 서울숲점,베이커리,0507-1464-7769,서울특별시 성동구 서울숲6길 16-1 1층 봉땅,https://m.place.naver.com/place/1700801654?entry=ple,,,,,,,,,,,
샹도르 본사직영점,카페,02-462-8774,서울특별시 성동구 뚝섬로 400,https://m.place.naver.com/place/38522512?entry=ple,,,,,,,,,,,
스트로베리32 성수점,베이커리,0507-1478-8237,서울특별시 성동구 왕십리로10길 9-31 3층,https://m.place.naver.com/place/1128626529?entry=ple,,,,,,,,,,,
디어벌스데이,베이커리,0507-1343-8495,서울특별시 성동구 서울숲길 55 3층,https://m.place.naver.com/place/1283963961?entry=ple,,,,,,,,,,,
스탠드업플리즈바이턴온,"카페,디저트",,서울특별시 성동구 연무장3길 14 1층2호,https://m.place.naver.com/place/1306390433?entry=ple,,,,,,,,,,,
영화104,"카페,디저트",0507-1355-4808,서울특별시 성동구 왕십리로 104 1층 오른쪽 카페,https://m.place.naver.com/place/1583380938?entry=ple,,,,,,,,,,,
아티클 뚝섬점,"카페,디저트",,서울특별시 성동구 아차산로 18 1층 210-005호,https://m.place.naver.com/place/1532236620?entry=ple,,,,,,,,,,,
에이테이블 성수점,베이커리,0507-1421-7856,서울특별시 성동구 아차산로13길 42 1층,https://m.place.naver.com/place/1787967774?entry=ple,,,,,,,,,,,
쿠키샾,베이커리,070-4027-7675,서울특별시 성동구 아차산로 84 1층,https://m.place.naver.com/place/1624336026?entry=ple,,,,,,,,,,,
탐앤탐스 성수1호점,카페,02-467-5206,서울특별시 성동구 성수이로 51 1층,https://m.place.naver.com/place/1461908908?entry=ple,,,,,,,,,,,
스테치,"카페,디저트",0507-1467-0288,서울특별시 성동구 연무장9길 6,https://m.place.naver.com/place/1180418614?entry=ple,,,,,,,,,,,
셀렉토커피 서울숲IT캐슬점,카페,0507-1328-6060,서울특별시 성동구 광나루로 130 1층 104호,https://m.place.naver.com/place/1272871919?entry=ple,,,,,,,,,,,
어글리크림치즈,베이커리,0507-1331-2076,서울특별시 성동구 성덕정3길 6 1층 모서리 하얀천막집,https://m.place.naver.com/place/1652633174?entry=ple,,,,,,,,,,,
미엘릿,베이커리,070-8691-0070,서울특별시 성동구 왕십리로10길 6 서울숲비즈포레 104호,https://m.place.naver.com/place/1033239204?entry=ple,주차,,,,,소금빵,"소금빵, 바닐라 크림마들렌, 솔티초코칩 휘낭시에, 아메리카노",5000,4.97,18,"소금빵이 유명해서 구매해봤어요 ~!!! 겉은 바삭하고 속
은 부드럽네요 :) 데워서 먹으면 더 맛있을 것 같아요; 소금빵 단연 최고 !!! 갈릭은 너무 탄 맛이 쎄다고 할
까 .... 기본 소금빵은 그 어떤집과 비교할 수 없다. 서울
숲 베이커리맛집 많지만 이집 .. 찐이다; 매일 모닝커피 소금빵도 가끔 사먹어요!; 성수에서 소금빵은 미엘릿이 최고임니댜 .. □□ 아침에
가시면 따끈따땃한 소금빵을 먹을 수 있는데 진짜 최고
존맛탱이에요 T ; 소금빵이 두툼+푸짐; 가게가 깔끔하고 분위기도 따듯해요ㅎㅎ 소금빵이랑
조그마한 케익 2개에다 소금빵, 버터바에 아아까지 사
서 먹었는데 다 맛있었어요πT 소금빵 강추합니다! 나
중에 주변 지인들 기념일일때 케익 여기서 주문제작하
려구요 ..! 다음에 성수올때 꼭 다시 들를게요 !! 강추합니
다~; 커피가 진짜 맛있었습니다. 소금빵 쫄깃쫄깃 맛있어요
Tπ 무엇보다 직원분들이 친절해서 좋았습니다.재방
문 의사 있어요 자주 갈게요 오래 있어주세요!"
성수동 수제모찌,베이커리,010-7545-0855,서울특별시 성동구 왕십리로 98-1,https://m.place.naver.com/place/1273666847?entry=ple,,,,,,,,,,,
그레인바운더리 성수점,베이커리,0507-1390-2423,서울특별시 성동구 아차산로 66 1층,https://m.place.naver.com/place/1983922131?entry=ple,,,,,,,,,,,
성수동꿀꽈배기,베이커리,02-464-0205,서울특별시 성동구 성덕정길 127 1층,https://m.place.naver.com/place/762304568?entry=ple,,,,,,,,,,,
파티세리 아모니,베이커리,0507-1374-0261,서울특별시 성동구 광나루로 152 1층 파티세리아모니,https://m.place.naver.com/place/1774078943?entry=ple,,,,,,,,,,,
어썸블리스,베이커리,0507-1346-1636,서울특별시 성동구 상원2길 5-11 3F,https://m.place.naver.com/place/1927557936?entry=ple,,,,,,,,,,,
북촌유기농명인단팥빵,베이커리,02-466-1457,서울특별시 성동구 아차산로 113 1층 102호,https://m.place.naver.com/place/1576011895?entry=ple,,,,,,,,,,,
경성찹쌀꽈배기 성수역점,베이커리,02-6949-1554,서울특별시 성동구 아차산로7길 7 동진빌딩 1층,https://m.place.naver.com/place/1807245317?entry=ple,,,,,,,,,,,
뚜레쥬르 성수역점,베이커리,02-462-5572,서울특별시 성동구 성수이로 113 빌딩,https://m.place.naver.com/place/31202749?entry=ple,,,,,,,,,,,
곤트란쉐리에 성수낙낙점,베이커리,02-468-8245,서울특별시 성동구 아차산로17길 48 지하1층 RB111호,https://m.place.naver.com/place/1641731613?entry=ple,,,,,,,,,,,
봉봉디저트카페,"카페, 디저트",010-9155-6372,서울 성동구 뚝섬로 404 1층,,,,,,,소금빵,"소금빵, 아메리카노, 모카빵, 코코넛슈크림",6300,,160,"내가 고른 소금빵(₩2,800). 고소한 버터냄새와 소금의
짠 맛이 어찌나 잘 어울리는지. 가게안에는 다양한 생
일초도 준비되어 있었네요. 얼마전에 생일초를 찾아다
녔는데! 내가 찾는 것은 생각보다 가까이에 있다는 격
언은 이럴때도 적용이 되는군요. 제가 아는 사람도 이
것을 알았으면 좋겠습니다. 사실은 내가 당신이 찾는
사람이라는 것을. 그러나 세상이 마음대로 되나요? 어
디로 흘러가고 있는지 모를 시냇물에 부유하여 떠내려
가는 애처로운 나뭇잎처럼, 온 몸이 젖어 시간에 몸을
맡기고 있네요. 다음에는 다른 빵도 먹어볼게요!; 그냥 시간이 애매해서 처음 들어간 빵집인데 커피가 와
~향도 좋고 너무 맛있었고 갓나온 소금빵이랑 같이 기
분좋게 잘 먹고 나왔습니당.^^; 크로아상이 윤기가 있어보이는 만큼 겉바속촉이라 맛
있고, 소금빵이 많이 짜지않아 좋아요.; 명란소금빵 진짜 대박입니당 사장님 많이 많들어주세; 명란소금빵 계속 생각나서 다시가야겠어요π; 소금빵 존맛"
브레드온,베이커리,0507-1419-0759,서울특별시 성동구 뚝섬로 420 1층,https://m.place.naver.com/place/1980731233?entry=ple,,,,,,소금빵,"소금빵, 아메리카노, 쫄깃한 우유식빵, 올리브치즈 치아바타",5000,,160,"소금빵 버터 풍미가 남달라요. 늘 느끼는 거지만 가성비 정말 좋아요. 아아도 쓰지도 않고 딱 제 입맛에 맞네요. 커피에 크로와상 굿! 조만간 또 가야지.크; 소금빵 맛있었습니다~; 빵순이 인정!성수동 숨은 빵맛집^ 시오빵(소금빵)맛있고,뽀또크로와상 늦게가면 못사요 ;;; 신메뉴 크로크뮤슈크로와상 너무 맛있어요πTπ바닐
라크로핀 제 최애 !! 시오빵도 바삭바삭해서 맛납니다; 빵이 너무 다 맛있어요^ 크로와상 종류도 많고 .. 소금
빵도 너무 맛나요크크크소금도 고급을 쓰시는듯~다른
데보다가격대비 휠씬 퀄리티가 좋네요크크생식빵도
너무 부드럽고 맛있어요 ~~ 자주올께요♡;"
데이앤데이 뚝섬역점,베이커리,070-8887-2255,서울특별시 성동구 아차산로 38 1층,https://m.place.naver.com/place/1832468106?entry=ple,,,,,,,,,,,
지수언니,베이커리,0507-1327-4692,서울특별시 성동구 성덕정길 91,https://m.place.naver.com/place/1649014990?entry=ple,,,,,,,,,,,
제1의맛집,베이커리,,서울특별시 성동구 서울숲2길 42,https://m.place.naver.com/place/1576531069?entry=ple,,,,,,,,,,,
붕어유랑단,베이커리,010-8560-6470,서울특별시 성동구 성덕정길 99 1층,https://m.place.naver.com/place/1236959821?entry=ple,,,,,,,,,,,
파리바게뜨 뚝섬역점,베이커리,02-462-0617,서울특별시 성동구 상원길 39 중앙하이츠빌,https://m.place.naver.com/place/11690063?entry=ple,,,,,,,,,,,
파리바게뜨 성수역점,베이커리,02-464-3456,서울특별시 성동구 아차산로7길 8,https://m.place.naver.com/place/11690066?entry=ple,,,,,,,,,,,
파리바게뜨 서울숲역점,베이커리,02-469-0104,서울특별시 성동구 왕십리로 92,https://m.place.naver.com/place/19978745?entry=ple,,,,,,,,,,,
양과자점 라보엠,베이커리,02-325-0545,서울특별시 성동구 성수일로12길 20 104호,https://m.place.naver.com/place/33907410?entry=ple,,,,,,,,,,,
베이크드아를르,베이커리,070-8200-0816,서울특별시 성동구 성수일로1길 10-1 1층,https://m.place.naver.com/place/1250906977?entry=ple,,,,,,,,,,,
플레이에프엔비,베이커리,,서울특별시 성동구 뚝섬로15길 23-6,https://m.place.naver.com/place/1003683187?entry=ple,,,,,,,,,,,
핫브레드,베이커리,02-466-7088,서울특별시 성동구 아차산로 92-1,https://m.place.naver.com/place/1925543675?entry=ple,,,,,,,,,,,
브로트704,베이커리,02-499-0704,서울특별시 성동구 뚝섬로 312 1층 114호,https://m.place.naver.com/place/1579668389?entry=ple,,,,,,,,,,,
파리바게뜨 뚝도시장점,베이커리,02-469-8212,서울특별시 성동구 성덕정길 86,https://m.place.naver.com/place/11690062?entry=ple,,,,,,,,,,,
사층빵집 성수점,베이커리,,서울특별시 성동구 아차산로9길 20,https://m.place.naver.com/place/1721322265?entry=ple,,,,,,,,,,,
파리바게뜨 성수코오롱점,베이커리,02-2117-0444,서울특별시 성동구 성수이로7길 27 서울숲 코오롱 디지털타워2,https://m.place.naver.com/place/20869112?entry=ple,,,,,,,,,,,
Johnmatt,베이커리,,서울특별시 성동구 성수일로 89,https://m.place.naver.com/place/1722019430?entry=ple,,,,,,,,,,,
경성찹쌀꽈배기 뚝섬점,베이커리,02-462-7623,서울특별시 성동구 왕십리로 108,https://m.place.naver.com/place/1547439165?entry=ple,,,,,,,,,,,
밀크레이프,베이커리,02-465-9267,서울특별시 성동구 아차산로13길 48,https://m.place.naver.com/place/38768832?entry=ple,,,,,,,,,,,
제멘,베이커리,,서울특별시 성동구 성수이로 148 (성수동2가),https://m.place.naver.com/place/1031114564?entry=ple,,,,,,,,,,,
CS네트웍,베이커리,02-2117-0406,서울특별시 성동구 성수이로7길 27 서울숲코오롱디지탈타워,https://m.place.naver.com/place/17932349?entry=ple,,,,,,,,,,,
파운드마켓 성수도원점,베이커리,0507-1430-5016,서울특별시 성동구 연무장3길 9 가동 1층,https://m.place.naver.com/place/1187986635?entry=ple,,,,,,,,,,,
투또톤토,"카페,디저트",0507-0289-5705,서울특별시 광진구 능동로 125 1층 투또톤토,https://m.place.naver.com/place/1043191069?entry=ple,,,,,,,,,,,
릴리베이커리,베이커리,02-469-0888,서울특별시 광진구 능동로13길 21 1층 릴리베이커리(김밥천국바로옆)-지하X,https://m.place.naver.com/place/1126127714?entry=ple,,,,,,,,,,,
에뚜왈 가로수길점,베이커리,0507-1435-0076,서울특별시 강남구 압구정로10길 35 지하1층,https://m.place.naver.com/place/996334906?entry=ple,,,,,,,,,,,
쿠라우니,"카페,디저트",0507-1375-2210,서울특별시 강남구 강남대로156길 39 지하 1층,https://m.place.naver.com/place/1320390218?entry=ple,,,,,,,,,,,
노아베이커리 압구정점,베이커리,02-546-7588,서울특별시 강남구 압구정로30길 9,https://m.place.naver.com/place/32269733?entry=ple,,,,,,,,,,,
어글리퍼피 도산,"카페,디저트",070-8808-9760,서울특별시 강남구 언주로170길 26-6 1층,https://m.place.naver.com/place/1255909485?entry=ple,,,,,,,,,,,
이웃집통통이,"카페,디저트",0507-1313-9286,서울특별시 강남구 선릉로161길 19 1층,https://m.place.naver.com/place/1850375355?entry=ple,,,,,,,,,,,
환원당,"카페,디저트",0507-1342-0239,서울특별시 광진구 능동로 166,https://m.place.naver.com/place/1854582204?entry=ple,,,,,,,,,,,
보난자커피 군자점,"카페,디저트",070-4110-3113,서울특별시 광진구 능동로 239-1 B동 1층 보난자커피,https://m.place.naver.com/place/1689645997?entry=ple,,,,,,,,,,,
벙커컴퍼니 압구정점,"카페,디저트",0507-1357-1456,"서울특별시 강남구 언주로167길 23 1,2층",https://m.place.naver.com/place/1341393737?entry=ple,,,,,,,,,,,
런던베이글뮤지엄 도산점,베이커리,,"서울특별시 강남구 언주로168길 33 1, 2층",https://m.place.naver.com/place/1967647240?entry=ple,,,,,,,,,,,
누데이크 신사,"카페,디저트",0507-1431-6977,서울특별시 강남구 강남대로162길 43 Le82빌딩 1-2층,https://m.place.naver.com/place/1054912722?entry=ple,,,,,,,,,,,
카페 그자체 베이커리,베이커리,0507-1333-5116,서울특별시 광진구 능동로13길 65 2층,https://m.place.naver.com/place/1285069493?entry=ple,,,,,,,,,,,
빠니드 엠 무니,"카페,디저트",,서울특별시 강남구 압구정로56길 16,https://m.place.naver.com/place/1614953667?entry=ple,,,,,,,,,,,
카페 라미스콘 청담점,"카페,디저트",0507-1378-9562,서울특별시 강남구 도산대로53길 32,https://m.place.naver.com/place/1388294922?entry=ple,,,,,,,,,,,
온더,베이커리,0507-1399-5009,서울특별시 성동구 광나루로 315 1층,https://m.place.naver.com/place/1848564095?entry=ple,,,,,,,,,,,
플레어 에스프레소 바,"카페,디저트",0507-1390-4988,서울특별시 광진구 아차산로32길 21 여유재 1층 플레어 에스프레소 바,https://m.place.naver.com/place/1971909425?entry=ple,,,,,,,,,,,
비파티세리,베이커리,02-517-0033,서울특별시 강남구 압구정로14길 36 인자빌딩 1-4층 비파티세리,https://m.place.naver.com/place/1584307184?entry=ple,,,,,,,,,,,
미미미가든카페,"카페,디저트",02-514-8765,서울특별시 강남구 도산대로 417 1층,https://m.place.naver.com/place/1714213927?entry=ple,,,,,,,,,,,
플링크 압구정점,베이커리,0507-1307-0329,서울특별시 강남구 언주로173길 23 1층,https://m.place.naver.com/place/1865029123?entry=ple,,,,,,,,,,,
자연도소금빵in 도산,베이커리,02-512-2245,서울특별시 강남구 도산대로49길 41 1층,https://m.place.naver.com/place/1617930791?entry=ple,,,,,,,,,,,
만십리,"카페,디저트",0507-1482-3132,"서울특별시 성동구 무학봉길 82 1-3F, rooftop",https://m.place.naver.com/place/1106920000?entry=ple,,,,,,,,,,,
열매제과점,베이커리,010-5814-3738,서울특별시 광진구 동일로24길 31,https://m.place.naver.com/place/1276749064?entry=ple,,,,,,,,,,,
누데이크 하우스 도산,"카페,디저트",0507-1446-2129,서울특별시 강남구 압구정로46길 50 하우스 도산 B1,https://m.place.naver.com/place/1067286803?entry=ple,,,,,,,,,,,
투아투아,베이커리,080-1234-5678,서울특별시 강남구 압구정로48길 34 1층,https://m.place.naver.com/place/1175794841?entry=ple,,,,,,,,,,,
풀리카페 건대점,"카페,디저트",0507-1349-9717,서울특별시 광진구 아차산로 295-12 FullyCafe,https://m.place.naver.com/place/1514801490?entry=ple,,,,,,,,,,,
기욤 청담점,"카페,디저트",0507-1407-6703,서울특별시 강남구 선릉로152길 17,https://m.place.naver.com/place/13093133?entry=ple,,,,,,,,,,,
오지힐 그라운즈압구정,베이커리,0507-1476-1474,서울특별시 강남구 언주로168길 19 1층,https://m.place.naver.com/place/1577082753?entry=ple,,,,,,,,,,,
베이커리 앤 커피 by 쿤달 압구정로데오 플래그쉽스토어,베이커리,070-4647-0450,서울특별시 강남구 도산대로53길 39 1층,https://m.place.naver.com/place/1201043555?entry=ple,,,,,,,,,,,
노르디,베이커리,0507-1420-3320,서울특별시 강남구 도산대로37길 36 지상1층,https://m.place.naver.com/place/1644321872?entry=ple,,,,,,,,,,,
마이페이보릿쿠키테리아,"카페,디저트",070-7779-0066,서울특별시 강남구 압구정로14길 15,https://m.place.naver.com/place/1499609775?entry=ple,,,,,,,,,,,
뺑드미 왕십리점,베이커리,0507-1390-2338,서울특별시 성동구 마조로9길 5 1층,https://m.place.naver.com/place/36543312?entry=ple,,,,,,,,,,,
트웰브미닛,"카페,디저트",0507-1385-9973,서울특별시 광진구 아차산로33길 68 트웰브미닛,https://m.place.naver.com/place/1281446338?entry=ple,,,,,,,,,,,
은비스브레드 건국대,베이커리,0507-1470-0080,서울특별시 광진구 능동로 69 자양호반써밋 상가동 118호 은비스브레드,https://m.place.naver.com/place/1034029389?entry=ple,,,,,,,,,,,
프롬헤라스 도산 플래그십 스토어,"카페,디저트",0507-1434-5679,서울특별시 강남구 언주로168길 29 1층,https://m.place.naver.com/place/1685978143?entry=ple,,,,,,,,,,,
이야이야앤프렌즈,베이커리,070-8645-0448,서울특별시 강남구 도산대로51길 22 1-4층,https://m.place.naver.com/place/1571415075?entry=ple,,,,,,,,,,,
안다즈 서울 강남 아츠,"카페,디저트",02-2193-1193,서울특별시 강남구 논현로 854,https://m.place.naver.com/place/1520477340?entry=ple,,,,,,,,,,,
스멜비,"카페,디저트",0507-1464-1567,서울특별시 성동구 무학봉15다길 4 1층,https://m.place.naver.com/place/1307113014?entry=ple,,,,,,,,,,,
LOWIDE 압구정,"카페,디저트",0507-1488-2218,"서울특별시 강남구 압구정로 146 1, 2층",https://m.place.naver.com/place/1729388685?entry=ple,,,,,,,,,,,
크레스타운 커피,"카페,디저트",0507-1491-3326,"서울특별시 강남구 압구정로46길 5-2 1층 104호, 105호",https://m.place.naver.com/place/1301996454?entry=ple,,,,,,,,,,,
봉순이네다락방 / 봉다방,"카페,디저트",0507-1339-8057,서울특별시 성동구 왕십리로21길 13-1 봉순이네다락방 / 드럼치는감빵,https://m.place.naver.com/place/33875306?entry=ple,,,,,,,,,,,
리암스 케이커리,베이커리,0507-1321-6516,서울특별시 강남구 도산대로53길 17 2층,https://m.place.naver.com/place/1792859439?entry=ple,,,,,,,,,,,
달링베이커리,"카페,디저트",0507-1483-9916,서울특별시 강남구 논현로160길 25 1층,https://m.place.naver.com/place/1621302095?entry=ple,,,,,,,,,,,
롤린우드,베이커리,010-9904-9370,서울특별시 강남구 도산대로62길 26 1층 롤린우드,https://m.place.naver.com/place/1496239555?entry=ple,,,,,,,,,,,
프로틴퀸코리아,베이커리,0507-1311-6309,서울특별시 강남구 논현로 841 1층 103호,https://m.place.naver.com/place/1582648050?entry=ple,,,,,,,,,,,
빵빠르,베이커리,070-4012-4988,서울특별시 강남구 선릉로153길 32 1층,https://m.place.naver.com/place/1097336662?entry=ple,,,,,,,,,,,
싸일러 청담,베이커리,02-549-1913,서울특별시 강남구 도산대로85길 39 지상 1층,https://m.place.naver.com/place/1819419898?entry=ple,,,,,,,,,,,
장안생활cafe,"카페,디저트",010-6217-2011,서울특별시 동대문구 천호대로89길 9,https://m.place.naver.com/place/1448249089?entry=ple,,,,,,,,,,,
띠띠빵빵,"카페,디저트",,서울특별시 강남구 언주로153길 5 1층,https://m.place.naver.com/place/1555805434?entry=ple,,,,,,,,,,,
블루제이커피스페이스,"카페,디저트",070-8633-2765,서울특별시 성동구 무학봉15길 20 1F BLUEJAY coffee space,https://m.place.naver.com/place/1351538521?entry=ple,,,,,,,,,,,
애니오케이션 카페,"카페,디저트",0507-1435-1470,서울특별시 강남구 도산대로51길 14 1층,https://m.place.naver.com/place/1732344388?entry=ple,,,,,,,,,,,
마일드라이프,베이커리,070-8881-0144,"서울특별시 강남구 논현로157길 41 1, 2층 102, 202호",https://m.place.naver.com/place/1355659954?entry=ple,,,,,,,,,,,
라 부슈 뒤 루아,베이커리,0507-1348-0909,서울특별시 성동구 송정18가길 33 1층,https://m.place.naver.com/place/1124048883?entry=ple,,,,,,,,,,,
케익하우스 윈,베이커리,02-546-1585,서울특별시 강남구 삼성로 719 경덕빌딩,https://m.place.naver.com/place/19866487?entry=ple,,,,,,,,,,,
수완카페앤베이커리,"카페,디저트",0507-1342-7515,서울특별시 광진구 아차산로30길 39 1층 SuWan Cafe&Bakery,https://m.place.naver.com/place/1561565176?entry=ple,,,,,,,,,,,
에이치마켓,베이커리,02-512-8050,서울특별시 강남구 선릉로 739,https://m.place.naver.com/place/1961533564?entry=ple,,,,,,,,,,,
골든채터스,베이커리,02-512-8481,서울특별시 강남구 압구정로46길 53 1층,https://m.place.naver.com/place/1895045984?entry=ple,,,,,,,,,,,
더플레이트디저트,베이커리,02-546-6056,서울특별시 강남구 논현로 854 안다즈강남 B1 B101호,https://m.place.naver.com/place/1477268158?entry=ple,,,,,,,,,,,
어질 인,"카페,디저트",0507-1441-9096,서울특별시 성동구 마조로9길 18 1/2층 어질인,https://m.place.naver.com/place/1366887561?entry=ple,,,,,,,,,,,
일팔공일오,베이커리,02-6498-0102,서울특별시 광진구 뚝섬로28길 4 1층,https://m.place.naver.com/place/1674627745?entry=ple,,,,,,,,,,,
카페 지탱,"카페,디저트",0507-1310-7688,"서울특별시 성동구 용답중앙21길 2 1, 2층 101호",https://m.place.naver.com/place/1914625886?entry=ple,,,,,,,,,,,
빵어니스타 압구정점,베이커리,0507-1485-7768,서울특별시 강남구 도산대로25길 43,https://m.place.naver.com/place/1639514931?entry=ple,,,,,,,,,,,
ccoma.1coffee,"카페,디저트",0507-1306-8973,"서울특별시 강남구 도산대로78길 11 1,2층",https://m.place.naver.com/place/797170919?entry=ple,,,,,,,,,,,
진저베어 현대백화점 압구정본점,베이커리,0507-1382-5813,서울특별시 강남구 압구정로 165 현대백화점 압구정본점 지하1층,https://m.place.naver.com/place/1265671060?entry=ple,,,,,,,,,,,
아우어베이커리 청담사거리점,베이커리,070-8846-3331,서울특별시 강남구 압구정로79길 19 1층 아우어베이커리,https://m.place.naver.com/place/1913182999?entry=ple,,,,,,,,,,,
버터앤쉘터 청담점,"카페,디저트",070-4191-4444,서울특별시 강남구 학동로 513 1층 7호,https://m.place.naver.com/place/1075119302?entry=ple,,,,,,,,,,,
아우어베이커리 도산본점,베이커리,02-545-5556,서울특별시 강남구 도산대로45길 10-11 JYC2빌딩,https://m.place.naver.com/place/37941875?entry=ple,,,,,,,,,,,
밤부 베이커리&브루잉 가로수길,"카페,디저트",0507-1483-6500,"서울특별시 강남구 가로수길 77 1, 2층",https://m.place.naver.com/place/1549708565?entry=ple,,,,,,,,,,,
메종드쁘띠푸르 커먼그라운드점,베이커리,02-2122-1180,서울특별시 광진구 아차산로 200 메종드쁘띠푸르,https://m.place.naver.com/place/1050241176?entry=ple,,,,,,,,,,,
오릭스브랑제리,베이커리,0507-1363-4589,서울특별시 성동구 행당로 110 1층 오릭스브랑제리,https://m.place.naver.com/place/1746729071?entry=ple,,,,,,,,,,,
유니버스 바이 제이릴라,베이글,02-6947-1275,서울특별시 강남구 도산대로 442 피엔폴루스 1층,https://m.place.naver.com/place/1974608832?entry=ple,,,,,,,,,,,
폼드팡,베이커리,0507-1313-0399,서울특별시 광진구 능동로 111 . 1층,https://m.place.naver.com/place/1054930967?entry=ple,,,,,,,,,,,
로이베이커리카페,베이커리,010-8767-7711,서울특별시 광진구 능동로 36,https://m.place.naver.com/place/1276240381?entry=ple,,,,,,,,,,,
스택베이커리,베이커리,0507-1390-5106,"서울특별시 광진구 뚝섬로31길 5 1, 2층",https://m.place.naver.com/place/1102751483?entry=ple,,,,,,,,,,,
뺑드램,베이커리,02-454-7795,서울특별시 광진구 뚝섬로 599 1층,https://m.place.naver.com/place/1196731985?entry=ple,,,,,,,,,,,
그릭판다,"카페,디저트",0507-1358-4495,서울특별시 광진구 군자로3길 18 1층 2호,https://m.place.naver.com/place/1449112575?entry=ple,,,,,,,,,,,
쎄콩데live,양식,0507-1391-3053,서울특별시 성동구 서울숲2길 34 2층,https://m.place.naver.com/place/1114922110?entry=ple,,,,,,,,,,,
카페문,"카페,디저트",,서울특별시 강남구 도산대로49길 16-7,https://m.place.naver.com/place/1778965127?entry=ple,,,,,,,,,,,
달콤제빵소,베이커리,0507-1380-4662,서울특별시 광진구 뚝섬로 491 203호,https://m.place.naver.com/place/1816196876?entry=ple,,,,,,,,,,,
누데이크 성수,"카페,디저트",0507-1313-4408,서울특별시 성동구 성수이로7길 26 1층,https://m.place.naver.com/place/1691420621?entry=ple,,,,,,,,,,,
브라운팟 베이커리/카페,"카페,디저트",0507-1398-7796,서울특별시 성동구 무학봉28길 16 1층,https://m.place.naver.com/place/1165635472?entry=ple,,,,,,,,,,,
썸인스윗,베이커리,0507-1326-0902,서울특별시 강남구 선릉로134길 4,https://m.place.naver.com/place/37278457?entry=ple,,,,,,,,,,,
칠월의 복숭아,베이커리,0507-1365-7836,서울특별시 성동구 행당로 84 행당한진타운종합상가 지하1층 푸드코트 006호,https://m.place.naver.com/place/1510922847?entry=ple,,,,,,,,,,,
슐스타드 본점,카페,0507-1856-7312,"서울특별시 성동구 무학봉길 57 1층 102,103호",https://m.place.naver.com/place/1536142019?entry=ple,,,,,,,,,,,
베이커리니트,베이커리,0507-1351-4265,서울특별시 성동구 광나루로11길 23 1층 101호 베이커리니트,https://m.place.naver.com/place/1281719241?entry=ple,,,,,,,,,,,
웜브라운,"카페,디저트",010-4749-7255,서울특별시 성동구 연무장길 16-2 1층 WARM BRAUN,https://m.place.naver.com/place/1734893193?entry=ple,,,,,,,,,,,
그리네,"카페,디저트",070-8787-9359,서울특별시 광진구 동일로22길 117-7 1~2층 그리네,https://m.place.naver.com/place/1799218070?entry=ple,,,,,,,,,,,
돌체테리아,"카페,디저트",0507-1326-6687,서울특별시 강남구 언주로170길 9 1층(신사동),https://m.place.naver.com/place/1638601585?entry=ple,,,,,,,,,,,
빵준서,베이커리,,서울특별시 강남구 압구정동 압구정로 343 갤러리아백화점,https://m.place.naver.com/place/1817674632?entry=ple,,,,,,,,,,,
알에비뉴,"카페,디저트",02-511-6612,서울특별시 강남구 압구정로56길 26 1층,https://m.place.naver.com/place/848321501?entry=ple,,,,,,,,,,,
블레 플러스,베이커리,070-8287-0921,서울특별시 성동구 용답19길 1 1층(용답동),https://m.place.naver.com/place/1419007832?entry=ple,,,,,,,,,,,
소나,카페,0507-1345-3246,서울특별시 강남구 강남대로162길 40 2층 SONA,https://m.place.naver.com/place/32636994?entry=ple,,,,,,,,,,,
오에이오 서울,베이커리,0507-1316-6308,서울특별시 광진구 아차산로38길 7 1층,https://m.place.naver.com/place/1680939918?entry=ple,,,,,,,,,,,
카페 차 성수점,"카페,디저트",0507-1395-1025,서울특별시 성동구 서울숲6길 2 1층,https://m.place.naver.com/place/1203115921?entry=ple,,,,,,,,,,,
르 사이트,카페,0507-1320-0343,서울특별시 강남구 도산대로11길 22,https://m.place.naver.com/place/1129461617?entry=ple,,,,,,,,,,,
올데이 베이커리,베이커리,0507-1334-5370,서울특별시 동대문구 천호대로91길 42 1층,https://m.place.naver.com/place/1520196679?entry=ple,,,,,,,,,,,
프레즐,베이커리,070-8917-0425,서울특별시 광진구 능동로4길 17,https://m.place.naver.com/place/37403764?entry=ple,,,,,,,,,,,
블랑제리새벽,베이커리,0507-1318-1083,서울특별시 성동구 고산자로2길 67 서울숲리버뷰자이아파트 상가 1층(후면) 1103호,https://m.place.naver.com/place/1746043644?entry=ple,,,,,,,,,,,
카페 연무장,양식,070-4190-6399,서울특별시 강남구 압구정로30길 51 1층,https://m.place.naver.com/place/1334288901?entry=ple,,,,,,,,,,,
LCDC SEOUL,복합문화공간,02-3409-5975,서울특별시 성동구 연무장17길 10,https://m.place.naver.com/place/1450511980?entry=ple,,,,,,,,,,,
빈즈앤플라워,브런치카페,0507-1363-9927,서울특별시 성동구 뚝섬로17길 33 102호,https://m.place.naver.com/place/1499721112?entry=ple,,,,,,,,,,,
디저트39 군자점,카페,070-8648-3930,서울특별시 광진구 천호대로 530 107호,https://m.place.naver.com/place/1162378532?entry=ple,,,,,,,,,,,
에이피피피,"카페,디저트",0507-1478-0936,서울특별시 성동구 뚝섬로9길 10 1~3층,https://m.place.naver.com/place/1082720957?entry=ple,,,,,,,,,,,
어나더쏭,"카페,디저트",0507-1368-0385,서울특별시 광진구 능동로 265 <주차공간은 따로 없습니다>,https://m.place.naver.com/place/1206175482?entry=ple,,,,,,,,,,,
티룸,"카페,디저트",0507-1430-2570,서울특별시 성동구 서울숲길 52 1층,https://m.place.naver.com/place/1060006624?entry=ple,,,,,,,,,,,
비바라비다 베이커리 카페,"카페,디저트",0507-1344-1985,"서울특별시 성동구 자동차시장1길 96 지1층 B105호, B106호",https://m.place.naver.com/place/1030385749?entry=ple,,,,,,,,,,,
드프랑스 베이커리,빵류제조,02-943-2508,서울특별시 성동구 광나루로6길 20 이글타운아파트형공장 6층 605호,https://m.place.naver.com/place/1939753546?entry=ple,,,,,,,,,,,
팬베이커리,기업,,서울특별시 성동구 연무장15길 11 스파크플러스 성수점 B동 255호,https://m.place.naver.com/place/1420802357?entry=ple,,,,,,,,,,,
샐리앤리키,"카페,디저트",0507-1304-9829,서울특별시 광진구 뚝섬로36길 63 1층,https://m.place.naver.com/place/1020775921?entry=ple,,,,,,,,,,,
스코브,카페,0506-5003-1774,서울특별시 성동구 서울숲2길 16-12 1층,https://m.place.naver.com/place/1264704134?entry=ple,,뷰,,,애견동반,소금빵,"소금빵, 버블 아메리카노, 바닐라라떼, 밀크슈페너",10000,,157,"소금빵 맛있어서 재방문 했어요! 여름에 오면 통창에
서울숲 나무가 푸릇푸릇해서 더 예쁠 것 같아요. 소금
빵 밑에 빠작빠작 맛집입니다; 커피도 맛있고 쪽파크림치즈 소금빵 맛있어서 순삭했
어요 . 다음에는 에그마요 소금빵 먹어볼래요; 강아지와 동반 가능하고 소금빵이 먹고 싶어 찾아간 카
페! 소금빵 처음 먹어봐서 다른 곳과 비교는 못하지만
같이 먹어 본 친구의 말로는 아주 맛난 소금빵은 아니
라네요 카페 분위기는 좋아요 ~~ 3; 애견동반도되고, 카페도 이쁜곳♥ 소금빵도 종류가
많은데 저는 자봉 소금빵 완전 제스탈이더라구요 직
원분도 왕 친절 ! 집앞이라 종종 들릴게요~; 성수에 뷰 좋은 통창 2층 카페 예뻐요~ 소금빵도 맛있
어요!; 소금빵 맛집이라 포장하러 왔어요; 요즘 소금빵이 너무 먹고 싶어서 찾은 곳인데 넘 맛있
어요 !! 추가로 명란소금빵도 같이 먹었는데, 짧짤한거
좋아하시면 기본 소금빵보다 명란이 더 맛난 것 같아요"
초초하우스,베이커리,0507-1445-1202,서울특별시 광진구 동일로28길 48 모아빌 1층,https://m.place.naver.com/place/1808660812?entry=ple,,,,,,,,,,,
이르,"카페,디저트",0507-1485-5859,서울특별시 광진구 능동로4길 61 1층,https://m.place.naver.com/place/1597572945?entry=ple,,,,,,,,,,,
곤트란쉐리에 청담점,베이커리,02-515-8860,서울특별시 강남구 영동대로138길 6 1층 1호,https://m.place.naver.com/place/1045382637?entry=ple,,,노트북,,,소금빵,"소금빵, 아메리카노, 퀸아망, 뺑오쇼콜라",7300,4.4,26,"회사 밑에 있는 곳이라 일주일에 3,4번은 가는거 같아
욬크크=근데 여기 진짜 라떼 맛집이라 항상 라떼만 먹
는 .. 임직원 할인도 있어서 너무 좋아요□ 아 그리고 사
진엔 없는데 여기 앙버터 소금빵 진 ~~~~~~~~ 짜 맛있
으니 꼭 드셔보시길 .. 진짜 존맛인 .. 그리고 수비드 닭가
슴살 샐러드도 4900원이라 가격도 착하고 맛도 괜찮아
여; 몽마르뜨랑 크로와상, 소금빵, 치아바타가 아주 맛있어
요 ㅎㅎ 일하시는분들 모두 친절하세요; 처음 오픈했을 때랑 퀄리티가 달라진 것 같아요. 소금
빵이 고무처럼 너무 질겼어요. 식빵류는 그나마 괜찮았
어요. 아몬드머랭은 맛있었는데 인기가 없는지 쌓여있
더라구요. 빵보다 오히려 음료가 맛있었어요.; 여기 빵맛이 변했어요 오픈했을때 소금빵먹고 감화감
동했었는데 버터 잔뜩들어가 겉이바삭할정도에 버터
동굴 제대로였었는데 ... 지금은 그냥모닝롤 수준; 주말에가면 안될거같아요 Tπ 빵이 미리만들어서그
런지 식었어요 소금빵이 조금질긴?; 소금빵이 유명하다 그래서 먹었는데 쫄깃을 넘어서 질
기네요;"
데포르메,베이커리,02-511-2202,서울특별시 강남구 언주로157길 21 1층,https://m.place.naver.com/place/1265231104?entry=ple,,,,,,,,,,,
두번째마카롱,베이커리,0507-1325-4817,서울특별시 성동구 무학봉15길 24 1층,https://m.place.naver.com/place/1071182865?entry=ple,,,,,,,,,,,
이로운 제과,베이커리,0507-1354-5692,서울특별시 광진구 뚝섬로32길 29 1층,https://m.place.naver.com/place/1505716408?entry=ple,,,,,,,,,,,
오묘한과자점,베이커리,02-6953-3007,서울특별시 강남구 삼성로149길 15 1층 오묘한과자점,https://m.place.naver.com/place/1236071943?entry=ple,,,,,,,,,,,
밍글,베이커리,02-517-2007,서울특별시 강남구 선릉로132길 61 1층,https://m.place.naver.com/place/31818279?entry=ple,,,,,,,,,,,
에그마카슈 성수,"카페,디저트",02-499-8221,서울특별시 성동구 상원6나길 14 101호,https://m.place.naver.com/place/1413106151?entry=ple,,,,,,,,,,,
세인트루크마리,"카페,디저트",0507-1439-3466,서울특별시 성동구 성수이로26길 51-1 2층,https://m.place.naver.com/place/1149669104?entry=ple,,,,,,,,,,,
씨와이 파티세리,베이커리,02-548-9480,"서울특별시 강남구 도산대로49길 10-6 젤로빌딩 2층, 3층 SEE WHY",https://m.place.naver.com/place/1434669038?entry=ple,,,,,,,,,,,
소소한가게,"카페,디저트",010-2354-9126,"서울특별시 성동구 성덕정11길 20 , 101 소소한가게",https://m.place.naver.com/place/1197226539?entry=ple,,,,,,,,,,,
콜리플라워,베이커리,011-5202-3247,서울특별시 강남구 압구정로2길 45 플라워베이커리 내,https://m.place.naver.com/place/1567642734?entry=ple,,,,,,,,,,,
그리디힙히크,"카페,디저트",,서울특별시 성동구 아차산로1길 9 1층 그리디 힙히크,https://m.place.naver.com/place/1175554452?entry=ple,,,,,,,,,,,
